{
  "resourceType" : "Bundle",
  "id" : "f0b52b12-dc47-443e-87d5-957db9b4b201",
  "meta" : {
    "lastUpdated" : "2021-06-16T19:16:37.643+00:00"
  },
  "type" : "collection",
  "entry" : [{
    "fullUrl" : "http://b-techbw.github.io/bw-lab-ig/ValueSet/bw-pims-lab-test-vs",
    "resource" : {
      "resourceType" : "ValueSet",
      "id" : "bw-pims-lab-test-vs",
      "text" : {
        "status" : "generated",
        "div" : "<div xmlns=\"http://www.w3.org/1999/xhtml\"><p>This value set contains 26 concepts</p><p style=\"border: black 1px dotted; background-color: #EEEEEE; padding: 8px; margin-bottom: 8px\">Expansion based on <a href=\"CodeSystem-bw-pims-lab-test-cs.html\">PIMS Lab Test Code System v0.2.0 (CodeSystem)</a></p><p>All codes from system <a href=\"CodeSystem-bw-pims-lab-test-cs.html\"><code>http://b-techbw.github.io/bw-lab-ig/CodeSystem/bw-pims-lab-test-cs</code></a></p><table class=\"codes\"><tr><td style=\"white-space:nowrap\"><b>Code</b></td><td><b>Display</b></td><td><b>Definition</b></td></tr><tr><td style=\"white-space:nowrap\"><a name=\"http---b-techbw.github.io-bw-lab-ig-CodeSystem-bw-pims-lab-test-cs-CD4\"> </a><a href=\"CodeSystem-bw-pims-lab-test-cs.html#bw-pims-lab-test-cs-CD4\">CD4</a></td><td>CD4 Count</td><td>tblkLabTest#1 - CD4 count</td></tr><tr><td style=\"white-space:nowrap\"><a name=\"http---b-techbw.github.io-bw-lab-ig-CodeSystem-bw-pims-lab-test-cs-CD4-\"> </a><a href=\"CodeSystem-bw-pims-lab-test-cs.html#bw-pims-lab-test-cs-CD4.37\">CD4%</a></td><td>CD4 Percentage</td><td>tblkLabTest#2 - CD4 Percent</td></tr><tr><td style=\"white-space:nowrap\"><a name=\"http---b-techbw.github.io-bw-lab-ig-CodeSystem-bw-pims-lab-test-cs-VL\"> </a><a href=\"CodeSystem-bw-pims-lab-test-cs.html#bw-pims-lab-test-cs-VL\">VL</a></td><td>Viral Load</td><td>tblkLabTest#3 - Viral Load (HIV?)</td></tr><tr><td style=\"white-space:nowrap\"><a name=\"http---b-techbw.github.io-bw-lab-ig-CodeSystem-bw-pims-lab-test-cs-PCV\"> </a><a href=\"CodeSystem-bw-pims-lab-test-cs.html#bw-pims-lab-test-cs-PCV\">PCV</a></td><td>Packed Cell Volume (PCV)</td><td>tblkLabTest#4 - Packed Cell Volume</td></tr><tr><td style=\"white-space:nowrap\"><a name=\"http---b-techbw.github.io-bw-lab-ig-CodeSystem-bw-pims-lab-test-cs-WBC\"> </a><a href=\"CodeSystem-bw-pims-lab-test-cs.html#bw-pims-lab-test-cs-WBC\">WBC</a></td><td>White Blood Cells(WBC)</td><td>tblkLabTest#5 - White Blood Cells</td></tr><tr><td style=\"white-space:nowrap\"><a name=\"http---b-techbw.github.io-bw-lab-ig-CodeSystem-bw-pims-lab-test-cs-NP-\"> </a><a href=\"CodeSystem-bw-pims-lab-test-cs.html#bw-pims-lab-test-cs-NP.37\">NP%</a></td><td>Neutrophils %</td><td>tblkLabTest#7 - Neutrophils %</td></tr><tr><td style=\"white-space:nowrap\"><a name=\"http---b-techbw.github.io-bw-lab-ig-CodeSystem-bw-pims-lab-test-cs-AST\"> </a><a href=\"CodeSystem-bw-pims-lab-test-cs.html#bw-pims-lab-test-cs-AST\">AST</a></td><td>Aspartate Aminotrasferase</td><td>tblkLabTest#9 - Aspartate aminotrasferase</td></tr><tr><td style=\"white-space:nowrap\"><a name=\"http---b-techbw.github.io-bw-lab-ig-CodeSystem-bw-pims-lab-test-cs-GGT\"> </a><a href=\"CodeSystem-bw-pims-lab-test-cs.html#bw-pims-lab-test-cs-GGT\">GGT</a></td><td>Gamma Glutamyl Transferase</td><td>tblkLabTest#10 - Gamma glutamyl transferase</td></tr><tr><td style=\"white-space:nowrap\"><a name=\"http---b-techbw.github.io-bw-lab-ig-CodeSystem-bw-pims-lab-test-cs-ALPL\"> </a><a href=\"CodeSystem-bw-pims-lab-test-cs.html#bw-pims-lab-test-cs-ALPL\">ALPL</a></td><td>Alkaline Phosphatase</td><td>tblkLabTest#11 - Alkaline Phosphatase</td></tr><tr><td style=\"white-space:nowrap\"><a name=\"http---b-techbw.github.io-bw-lab-ig-CodeSystem-bw-pims-lab-test-cs-LIP\"> </a><a href=\"CodeSystem-bw-pims-lab-test-cs.html#bw-pims-lab-test-cs-LIP\">LIP</a></td><td>Lipase</td><td>tblkLabTest#12 - Lipase</td></tr><tr><td style=\"white-space:nowrap\"><a name=\"http---b-techbw.github.io-bw-lab-ig-CodeSystem-bw-pims-lab-test-cs-TGS\"> </a><a href=\"CodeSystem-bw-pims-lab-test-cs.html#bw-pims-lab-test-cs-TGS\">TGS</a></td><td>TGS</td><td>tblkLabTest#13 - TGS</td></tr><tr><td style=\"white-space:nowrap\"><a name=\"http---b-techbw.github.io-bw-lab-ig-CodeSystem-bw-pims-lab-test-cs-Urea\"> </a><a href=\"CodeSystem-bw-pims-lab-test-cs.html#bw-pims-lab-test-cs-Urea\">Urea</a></td><td>Urea</td><td>tblkLabTest#14 - Urea</td></tr><tr><td style=\"white-space:nowrap\"><a name=\"http---b-techbw.github.io-bw-lab-ig-CodeSystem-bw-pims-lab-test-cs-Na\"> </a><a href=\"CodeSystem-bw-pims-lab-test-cs.html#bw-pims-lab-test-cs-Na\">Na</a></td><td>Sodium</td><td>tblkLabTest#15 - Sodium</td></tr><tr><td style=\"white-space:nowrap\"><a name=\"http---b-techbw.github.io-bw-lab-ig-CodeSystem-bw-pims-lab-test-cs-K\"> </a><a href=\"CodeSystem-bw-pims-lab-test-cs.html#bw-pims-lab-test-cs-K\">K</a></td><td>Potassium</td><td>tblkLabTest#16 - Potassium</td></tr><tr><td style=\"white-space:nowrap\"><a name=\"http---b-techbw.github.io-bw-lab-ig-CodeSystem-bw-pims-lab-test-cs-PCR\"> </a><a href=\"CodeSystem-bw-pims-lab-test-cs.html#bw-pims-lab-test-cs-PCR\">PCR</a></td><td>DNA PCR</td><td>tblkLabTest#17 - DNA PCR</td></tr><tr><td style=\"white-space:nowrap\"><a name=\"http---b-techbw.github.io-bw-lab-ig-CodeSystem-bw-pims-lab-test-cs-Ag\"> </a><a href=\"CodeSystem-bw-pims-lab-test-cs.html#bw-pims-lab-test-cs-Ag\">Ag</a></td><td>Ag</td><td>tblkLabTest#18 - DNA PCR</td></tr><tr><td style=\"white-space:nowrap\"><a name=\"http---b-techbw.github.io-bw-lab-ig-CodeSystem-bw-pims-lab-test-cs-CST\"> </a><a href=\"CodeSystem-bw-pims-lab-test-cs.html#bw-pims-lab-test-cs-CST\">CST</a></td><td>Culture Sensitive Test</td><td>tblkLabTest#19 - Culture Sensitive Test</td></tr><tr><td style=\"white-space:nowrap\"><a name=\"http---b-techbw.github.io-bw-lab-ig-CodeSystem-bw-pims-lab-test-cs-MCV\"> </a><a href=\"CodeSystem-bw-pims-lab-test-cs.html#bw-pims-lab-test-cs-MCV\">MCV</a></td><td>Mean Cell Volume</td><td>tblkLabTest#20 - Mean cell volume</td></tr><tr><td style=\"white-space:nowrap\"><a name=\"http---b-techbw.github.io-bw-lab-ig-CodeSystem-bw-pims-lab-test-cs-Rapid\"> </a><a href=\"CodeSystem-bw-pims-lab-test-cs.html#bw-pims-lab-test-cs-Rapid\">Rapid</a></td><td>Rapid</td><td>tblkLabTest#21 - Rapid</td></tr><tr><td style=\"white-space:nowrap\"><a name=\"http---b-techbw.github.io-bw-lab-ig-CodeSystem-bw-pims-lab-test-cs-ELISA\"> </a><a href=\"CodeSystem-bw-pims-lab-test-cs.html#bw-pims-lab-test-cs-ELISA\">ELISA</a></td><td>ELISA</td><td>tblkLabTest#22 - ELISA</td></tr><tr><td style=\"white-space:nowrap\"><a name=\"http---b-techbw.github.io-bw-lab-ig-CodeSystem-bw-pims-lab-test-cs-UP\"> </a><a href=\"CodeSystem-bw-pims-lab-test-cs.html#bw-pims-lab-test-cs-UP\">UP</a></td><td>Urine Pregnancy</td><td>tblkLabTest#23 - Urine pregnancy test</td></tr><tr><td style=\"white-space:nowrap\"><a name=\"http---b-techbw.github.io-bw-lab-ig-CodeSystem-bw-pims-lab-test-cs-CXRAY\"> </a><a href=\"CodeSystem-bw-pims-lab-test-cs.html#bw-pims-lab-test-cs-CXRAY\">CXRAY</a></td><td>Chest X-Ray</td><td>tblkLabTest#25 - Chest x-ray</td></tr><tr><td style=\"white-space:nowrap\"><a name=\"http---b-techbw.github.io-bw-lab-ig-CodeSystem-bw-pims-lab-test-cs-PT\"> </a><a href=\"CodeSystem-bw-pims-lab-test-cs.html#bw-pims-lab-test-cs-PT\">PT</a></td><td>Pleural Tap</td><td>tblkLabTest#26 - Pleural tap</td></tr><tr><td style=\"white-space:nowrap\"><a name=\"http---b-techbw.github.io-bw-lab-ig-CodeSystem-bw-pims-lab-test-cs-CSF\"> </a><a href=\"CodeSystem-bw-pims-lab-test-cs.html#bw-pims-lab-test-cs-CSF\">CSF</a></td><td>CSF</td><td>tblkLabTest#27 - CSF</td></tr><tr><td style=\"white-space:nowrap\"><a name=\"http---b-techbw.github.io-bw-lab-ig-CodeSystem-bw-pims-lab-test-cs-LNB\"> </a><a href=\"CodeSystem-bw-pims-lab-test-cs.html#bw-pims-lab-test-cs-LNB\">LNB</a></td><td>Lymph Node Biopsy</td><td>tblkLabTest#28 - Lymph node biopsy</td></tr><tr><td style=\"white-space:nowrap\"><a name=\"http---b-techbw.github.io-bw-lab-ig-CodeSystem-bw-pims-lab-test-cs-SM\"> </a><a href=\"CodeSystem-bw-pims-lab-test-cs.html#bw-pims-lab-test-cs-SM\">SM</a></td><td>Sputum Microscopy</td><td>tblkLabTest#130 - Sputum microscopy</td></tr></table></div>"
      },
      "url" : "http://b-techbw.github.io/bw-lab-ig/ValueSet/bw-pims-lab-test-vs",
      "version" : "0.2.0",
      "name" : "BwPimsLabTestVS",
      "title" : "PIMS Lab Test Codes",
      "status" : "active",
      "date" : "2021-06-16T19:16:37+00:00",
      "publisher" : "B-TECHBW",
      "contact" : [{
        "name" : "B-TECHBW",
        "telecom" : [{
          "system" : "url",
          "value" : "www.github.com/b-techbw"
        },
        {
          "system" : "email",
          "value" : "pmanko@uw.edu"
        }]
      }],
      "description" : "PIMS Lab Test Codes",
      "jurisdiction" : [{
        "coding" : [{
          "system" : "http://unstats.un.org/unsd/methods/m49/m49.htm",
          "code" : "072"
        }]
      },
      {
        "coding" : [{
          "system" : "urn:iso:std:iso:3166",
          "code" : "BW"
        }]
      }],
      "expansion" : {
        "identifier" : "urn:uuid:cd90a8f4-f61e-4367-83f6-1d299c3e836c",
        "timestamp" : "2021-06-16T19:16:53+00:00",
        "total" : 26,
        "parameter" : [{
          "name" : "excludeNested",
          "valueBoolean" : false
        },
        {
          "name" : "version",
          "valueUri" : "http://b-techbw.github.io/bw-lab-ig/CodeSystem/bw-pims-lab-test-cs|0.2.0"
        }],
        "contains" : [{
          "system" : "http://b-techbw.github.io/bw-lab-ig/CodeSystem/bw-pims-lab-test-cs",
          "code" : "CD4",
          "display" : "CD4 Count"
        },
        {
          "system" : "http://b-techbw.github.io/bw-lab-ig/CodeSystem/bw-pims-lab-test-cs",
          "code" : "CD4%",
          "display" : "CD4 Percentage"
        },
        {
          "system" : "http://b-techbw.github.io/bw-lab-ig/CodeSystem/bw-pims-lab-test-cs",
          "code" : "VL",
          "display" : "Viral Load"
        },
        {
          "system" : "http://b-techbw.github.io/bw-lab-ig/CodeSystem/bw-pims-lab-test-cs",
          "code" : "PCV",
          "display" : "Packed Cell Volume (PCV)"
        },
        {
          "system" : "http://b-techbw.github.io/bw-lab-ig/CodeSystem/bw-pims-lab-test-cs",
          "code" : "WBC",
          "display" : "White Blood Cells(WBC)"
        },
        {
          "system" : "http://b-techbw.github.io/bw-lab-ig/CodeSystem/bw-pims-lab-test-cs",
          "code" : "NP%",
          "display" : "Neutrophils %"
        },
        {
          "system" : "http://b-techbw.github.io/bw-lab-ig/CodeSystem/bw-pims-lab-test-cs",
          "code" : "AST",
          "display" : "Aspartate Aminotrasferase"
        },
        {
          "system" : "http://b-techbw.github.io/bw-lab-ig/CodeSystem/bw-pims-lab-test-cs",
          "code" : "GGT",
          "display" : "Gamma Glutamyl Transferase"
        },
        {
          "system" : "http://b-techbw.github.io/bw-lab-ig/CodeSystem/bw-pims-lab-test-cs",
          "code" : "ALPL",
          "display" : "Alkaline Phosphatase"
        },
        {
          "system" : "http://b-techbw.github.io/bw-lab-ig/CodeSystem/bw-pims-lab-test-cs",
          "code" : "LIP",
          "display" : "Lipase"
        },
        {
          "system" : "http://b-techbw.github.io/bw-lab-ig/CodeSystem/bw-pims-lab-test-cs",
          "code" : "TGS",
          "display" : "TGS"
        },
        {
          "system" : "http://b-techbw.github.io/bw-lab-ig/CodeSystem/bw-pims-lab-test-cs",
          "code" : "Urea",
          "display" : "Urea"
        },
        {
          "system" : "http://b-techbw.github.io/bw-lab-ig/CodeSystem/bw-pims-lab-test-cs",
          "code" : "Na",
          "display" : "Sodium"
        },
        {
          "system" : "http://b-techbw.github.io/bw-lab-ig/CodeSystem/bw-pims-lab-test-cs",
          "code" : "K",
          "display" : "Potassium"
        },
        {
          "system" : "http://b-techbw.github.io/bw-lab-ig/CodeSystem/bw-pims-lab-test-cs",
          "code" : "PCR",
          "display" : "DNA PCR"
        },
        {
          "system" : "http://b-techbw.github.io/bw-lab-ig/CodeSystem/bw-pims-lab-test-cs",
          "code" : "Ag",
          "display" : "Ag"
        },
        {
          "system" : "http://b-techbw.github.io/bw-lab-ig/CodeSystem/bw-pims-lab-test-cs",
          "code" : "CST",
          "display" : "Culture Sensitive Test"
        },
        {
          "system" : "http://b-techbw.github.io/bw-lab-ig/CodeSystem/bw-pims-lab-test-cs",
          "code" : "MCV",
          "display" : "Mean Cell Volume"
        },
        {
          "system" : "http://b-techbw.github.io/bw-lab-ig/CodeSystem/bw-pims-lab-test-cs",
          "code" : "Rapid",
          "display" : "Rapid"
        },
        {
          "system" : "http://b-techbw.github.io/bw-lab-ig/CodeSystem/bw-pims-lab-test-cs",
          "code" : "ELISA",
          "display" : "ELISA"
        },
        {
          "system" : "http://b-techbw.github.io/bw-lab-ig/CodeSystem/bw-pims-lab-test-cs",
          "code" : "UP",
          "display" : "Urine Pregnancy"
        },
        {
          "system" : "http://b-techbw.github.io/bw-lab-ig/CodeSystem/bw-pims-lab-test-cs",
          "code" : "CXRAY",
          "display" : "Chest X-Ray"
        },
        {
          "system" : "http://b-techbw.github.io/bw-lab-ig/CodeSystem/bw-pims-lab-test-cs",
          "code" : "PT",
          "display" : "Pleural Tap"
        },
        {
          "system" : "http://b-techbw.github.io/bw-lab-ig/CodeSystem/bw-pims-lab-test-cs",
          "code" : "CSF",
          "display" : "CSF"
        },
        {
          "system" : "http://b-techbw.github.io/bw-lab-ig/CodeSystem/bw-pims-lab-test-cs",
          "code" : "LNB",
          "display" : "Lymph Node Biopsy"
        },
        {
          "system" : "http://b-techbw.github.io/bw-lab-ig/CodeSystem/bw-pims-lab-test-cs",
          "code" : "SM",
          "display" : "Sputum Microscopy"
        }]
      }
    }
  },
  {
    "fullUrl" : "http://b-techbw.github.io/bw-lab-ig/ValueSet/bw-lab-diagnostic-report-status-vs",
    "resource" : {
      "resourceType" : "ValueSet",
      "id" : "bw-lab-diagnostic-report-status-vs",
      "text" : {
        "status" : "generated",
        "div" : "<div xmlns=\"http://www.w3.org/1999/xhtml\"><p>This value set contains 5 concepts</p><p style=\"border: black 1px dotted; background-color: #EEEEEE; padding: 8px; margin-bottom: 8px\">Expansion based on <a href=\"http://hl7.org/fhir/R4/codesystem-diagnostic-report-status.html\">DiagnosticReportStatus v4.0.1 (CodeSystem)</a></p><p>All codes from system <a href=\"http://hl7.org/fhir/R4/codesystem-diagnostic-report-status.html\"><code>http://hl7.org/fhir/diagnostic-report-status</code></a></p><table class=\"codes\"><tr><td style=\"white-space:nowrap\"><b>Code</b></td><td><b>Display</b></td><td><b>Definition</b></td></tr><tr><td style=\"white-space:nowrap\"><a name=\"http---hl7.org-fhir-diagnostic-report-status-diagnostic-report-status-partial\"> </a><a href=\"http://hl7.org/fhir/R4/codesystem-diagnostic-report-status.html#diagnostic-report-status-diagnostic-report-status-partial\">diagnostic-report-status-partial</a></td><td>Partial</td><td/></tr><tr><td style=\"white-space:nowrap\"><a name=\"http---hl7.org-fhir-diagnostic-report-status-diagnostic-report-status-final\"> </a><a href=\"http://hl7.org/fhir/R4/codesystem-diagnostic-report-status.html#diagnostic-report-status-diagnostic-report-status-final\">diagnostic-report-status-final</a></td><td>Final</td><td/></tr><tr><td style=\"white-space:nowrap\"><a name=\"http---hl7.org-fhir-diagnostic-report-status-diagnostic-report-status-unknown\"> </a><a href=\"http://hl7.org/fhir/R4/codesystem-diagnostic-report-status.html#diagnostic-report-status-diagnostic-report-status-unknown\">diagnostic-report-status-unknown</a></td><td>Unknown</td><td/></tr><tr><td style=\"white-space:nowrap\"><a name=\"http---hl7.org-fhir-diagnostic-report-status-diagnostic-report-status-canceled\"> </a><a href=\"http://hl7.org/fhir/R4/codesystem-diagnostic-report-status.html#diagnostic-report-status-diagnostic-report-status-canceled\">diagnostic-report-status-canceled</a></td><td>Canceled</td><td/></tr><tr><td style=\"white-space:nowrap\"><a name=\"http---hl7.org-fhir-diagnostic-report-status-diagnostic-report-status-amended\"> </a><a href=\"http://hl7.org/fhir/R4/codesystem-diagnostic-report-status.html#diagnostic-report-status-diagnostic-report-status-amended\">diagnostic-report-status-amended</a></td><td>Amended</td><td/></tr></table></div>"
      },
      "url" : "http://b-techbw.github.io/bw-lab-ig/ValueSet/bw-lab-diagnostic-report-status-vs",
      "version" : "0.2.0",
      "name" : "BwLabDiagnosticReportStatusVS",
      "title" : "Botswana Diagnostic Report Status Flag",
      "status" : "active",
      "date" : "2021-06-16T19:16:37+00:00",
      "publisher" : "B-TECHBW",
      "contact" : [{
        "name" : "B-TECHBW",
        "telecom" : [{
          "system" : "url",
          "value" : "www.github.com/b-techbw"
        },
        {
          "system" : "email",
          "value" : "pmanko@uw.edu"
        }]
      }],
      "description" : "The status of the diagnostic report, subset from https://www.hl7.org/fhir/valueset-diagnostic-report-status.html",
      "jurisdiction" : [{
        "coding" : [{
          "system" : "http://unstats.un.org/unsd/methods/m49/m49.htm",
          "code" : "072"
        }]
      },
      {
        "coding" : [{
          "system" : "urn:iso:std:iso:3166",
          "code" : "BW"
        }]
      }],
      "expansion" : {
        "identifier" : "urn:uuid:97a0aa3c-f4b5-4341-a3fa-90172de18f0d",
        "timestamp" : "2021-06-16T19:16:54+00:00",
        "total" : 5,
        "parameter" : [{
          "name" : "excludeNested",
          "valueBoolean" : false
        },
        {
          "name" : "version",
          "valueUri" : "http://hl7.org/fhir/diagnostic-report-status|4.0.1"
        }],
        "contains" : [{
          "system" : "http://hl7.org/fhir/diagnostic-report-status",
          "code" : "diagnostic-report-status-partial",
          "display" : "Partial"
        },
        {
          "system" : "http://hl7.org/fhir/diagnostic-report-status",
          "code" : "diagnostic-report-status-final",
          "display" : "Final"
        },
        {
          "system" : "http://hl7.org/fhir/diagnostic-report-status",
          "code" : "diagnostic-report-status-unknown",
          "display" : "Unknown"
        },
        {
          "system" : "http://hl7.org/fhir/diagnostic-report-status",
          "code" : "diagnostic-report-status-canceled",
          "display" : "Canceled"
        },
        {
          "system" : "http://hl7.org/fhir/diagnostic-report-status",
          "code" : "diagnostic-report-status-amended",
          "display" : "Amended"
        }]
      }
    }
  },
  {
    "fullUrl" : "http://b-techbw.github.io/bw-lab-ig/ValueSet/bw-pims-lab-class-vs",
    "resource" : {
      "resourceType" : "ValueSet",
      "id" : "bw-pims-lab-class-vs",
      "text" : {
        "status" : "generated",
        "div" : "<div xmlns=\"http://www.w3.org/1999/xhtml\"><p>This value set contains 11 concepts</p><p style=\"border: black 1px dotted; background-color: #EEEEEE; padding: 8px; margin-bottom: 8px\">Expansion based on <a href=\"CodeSystem-bw-pims-lab-class-cs.html\">PIMS Lab Class Code System v0.2.0 (CodeSystem)</a></p><p>All codes from system <a href=\"CodeSystem-bw-pims-lab-class-cs.html\"><code>http://b-techbw.github.io/bw-lab-ig/CodeSystem/bw-pims-lab-class-cs</code></a></p><table class=\"codes\"><tr><td style=\"white-space:nowrap\"><b>Code</b></td><td><b>Display</b></td><td><b>Definition</b></td></tr><tr><td style=\"white-space:nowrap\"><a name=\"http---b-techbw.github.io-bw-lab-ig-CodeSystem-bw-pims-lab-class-cs-CHM\"> </a><a href=\"CodeSystem-bw-pims-lab-class-cs.html#bw-pims-lab-class-cs-CHM\">CHM</a></td><td>Routine-Chemistry</td><td>Routine chimestry was conducted on a lab specimen</td></tr><tr><td style=\"white-space:nowrap\"><a name=\"http---b-techbw.github.io-bw-lab-ig-CodeSystem-bw-pims-lab-class-cs-MCB\"> </a><a href=\"CodeSystem-bw-pims-lab-class-cs.html#bw-pims-lab-class-cs-MCB\">MCB</a></td><td>Microbiology</td><td>Microbiology of a lab specimen</td></tr><tr><td style=\"white-space:nowrap\"><a name=\"http---b-techbw.github.io-bw-lab-ig-CodeSystem-bw-pims-lab-class-cs-HEM\"> </a><a href=\"CodeSystem-bw-pims-lab-class-cs.html#bw-pims-lab-class-cs-HEM\">HEM</a></td><td>Haematology</td><td>Haematology of a lab specimen</td></tr><tr><td style=\"white-space:nowrap\"><a name=\"http---b-techbw.github.io-bw-lab-ig-CodeSystem-bw-pims-lab-class-cs-PTH\"> </a><a href=\"CodeSystem-bw-pims-lab-class-cs.html#bw-pims-lab-class-cs-PTH\">PTH</a></td><td>Pathology</td><td>Pathology of a lab specimen</td></tr><tr><td style=\"white-space:nowrap\"><a name=\"http---b-techbw.github.io-bw-lab-ig-CodeSystem-bw-pims-lab-class-cs-IMG\"> </a><a href=\"CodeSystem-bw-pims-lab-class-cs.html#bw-pims-lab-class-cs-IMG\">IMG</a></td><td>Imaging</td><td>Imaging of a lab specimen</td></tr><tr><td style=\"white-space:nowrap\"><a name=\"http---b-techbw.github.io-bw-lab-ig-CodeSystem-bw-pims-lab-class-cs-END\"> </a><a href=\"CodeSystem-bw-pims-lab-class-cs.html#bw-pims-lab-class-cs-END\">END</a></td><td>Endocrinology</td><td>Endocrinology of a lab specimen</td></tr><tr><td style=\"white-space:nowrap\"><a name=\"http---b-techbw.github.io-bw-lab-ig-CodeSystem-bw-pims-lab-class-cs-IMU\"> </a><a href=\"CodeSystem-bw-pims-lab-class-cs.html#bw-pims-lab-class-cs-IMU\">IMU</a></td><td>Immunology</td><td>Some order specimens were drawn</td></tr><tr><td style=\"white-space:nowrap\"><a name=\"http---b-techbw.github.io-bw-lab-ig-CodeSystem-bw-pims-lab-class-cs-BBK\"> </a><a href=\"CodeSystem-bw-pims-lab-class-cs.html#bw-pims-lab-class-cs-BBK\">BBK</a></td><td>Blood-Bank</td><td>Order was cancelled</td></tr><tr><td style=\"white-space:nowrap\"><a name=\"http---b-techbw.github.io-bw-lab-ig-CodeSystem-bw-pims-lab-class-cs-VL\"> </a><a href=\"CodeSystem-bw-pims-lab-class-cs.html#bw-pims-lab-class-cs-VL\">VL</a></td><td>Immunology-Viral-Load</td><td>Some order specimens were drawn</td></tr><tr><td style=\"white-space:nowrap\"><a name=\"http---b-techbw.github.io-bw-lab-ig-CodeSystem-bw-pims-lab-class-cs-RS\"> </a><a href=\"CodeSystem-bw-pims-lab-class-cs.html#bw-pims-lab-class-cs-RS\">RS</a></td><td>Research-blood-draw</td><td>Some order specimens were drawn</td></tr><tr><td style=\"white-space:nowrap\"><a name=\"http---b-techbw.github.io-bw-lab-ig-CodeSystem-bw-pims-lab-class-cs-TB\"> </a><a href=\"CodeSystem-bw-pims-lab-class-cs.html#bw-pims-lab-class-cs-TB\">TB</a></td><td>TB-diagnostic</td><td>Some order specimens were drawn</td></tr></table></div>"
      },
      "url" : "http://b-techbw.github.io/bw-lab-ig/ValueSet/bw-pims-lab-class-vs",
      "version" : "0.2.0",
      "name" : "BwPimsLabClassVS",
      "title" : "Status Values for PIMS Lab Orders",
      "status" : "active",
      "date" : "2021-06-16T19:16:37+00:00",
      "publisher" : "B-TECHBW",
      "contact" : [{
        "name" : "B-TECHBW",
        "telecom" : [{
          "system" : "url",
          "value" : "www.github.com/b-techbw"
        },
        {
          "system" : "email",
          "value" : "pmanko@uw.edu"
        }]
      }],
      "jurisdiction" : [{
        "coding" : [{
          "system" : "http://unstats.un.org/unsd/methods/m49/m49.htm",
          "code" : "072"
        }]
      },
      {
        "coding" : [{
          "system" : "urn:iso:std:iso:3166",
          "code" : "BW"
        }]
      }],
      "expansion" : {
        "identifier" : "urn:uuid:299f7225-d8a1-46c9-964f-ef3305aa91df",
        "timestamp" : "2021-06-16T19:16:54+00:00",
        "total" : 11,
        "parameter" : [{
          "name" : "excludeNested",
          "valueBoolean" : false
        },
        {
          "name" : "version",
          "valueUri" : "http://b-techbw.github.io/bw-lab-ig/CodeSystem/bw-pims-lab-class-cs|0.2.0"
        }],
        "contains" : [{
          "system" : "http://b-techbw.github.io/bw-lab-ig/CodeSystem/bw-pims-lab-class-cs",
          "code" : "CHM",
          "display" : "Routine-Chemistry"
        },
        {
          "system" : "http://b-techbw.github.io/bw-lab-ig/CodeSystem/bw-pims-lab-class-cs",
          "code" : "MCB",
          "display" : "Microbiology"
        },
        {
          "system" : "http://b-techbw.github.io/bw-lab-ig/CodeSystem/bw-pims-lab-class-cs",
          "code" : "HEM",
          "display" : "Haematology"
        },
        {
          "system" : "http://b-techbw.github.io/bw-lab-ig/CodeSystem/bw-pims-lab-class-cs",
          "code" : "PTH",
          "display" : "Pathology"
        },
        {
          "system" : "http://b-techbw.github.io/bw-lab-ig/CodeSystem/bw-pims-lab-class-cs",
          "code" : "IMG",
          "display" : "Imaging"
        },
        {
          "system" : "http://b-techbw.github.io/bw-lab-ig/CodeSystem/bw-pims-lab-class-cs",
          "code" : "END",
          "display" : "Endocrinology"
        },
        {
          "system" : "http://b-techbw.github.io/bw-lab-ig/CodeSystem/bw-pims-lab-class-cs",
          "code" : "IMU",
          "display" : "Immunology"
        },
        {
          "system" : "http://b-techbw.github.io/bw-lab-ig/CodeSystem/bw-pims-lab-class-cs",
          "code" : "BBK",
          "display" : "Blood-Bank"
        },
        {
          "system" : "http://b-techbw.github.io/bw-lab-ig/CodeSystem/bw-pims-lab-class-cs",
          "code" : "VL",
          "display" : "Immunology-Viral-Load"
        },
        {
          "system" : "http://b-techbw.github.io/bw-lab-ig/CodeSystem/bw-pims-lab-class-cs",
          "code" : "RS",
          "display" : "Research-blood-draw"
        },
        {
          "system" : "http://b-techbw.github.io/bw-lab-ig/CodeSystem/bw-pims-lab-class-cs",
          "code" : "TB",
          "display" : "TB-diagnostic"
        }]
      }
    }
  },
  {
    "fullUrl" : "http://b-techbw.github.io/bw-lab-ig/ValueSet/bw-pims-lab-profile-vs",
    "resource" : {
      "resourceType" : "ValueSet",
      "id" : "bw-pims-lab-profile-vs",
      "text" : {
        "status" : "generated",
        "div" : "<div xmlns=\"http://www.w3.org/1999/xhtml\"><p>This value set contains 29 concepts</p><p style=\"border: black 1px dotted; background-color: #EEEEEE; padding: 8px; margin-bottom: 8px\">Expansion based on <a href=\"CodeSystem-bw-pims-lab-profile-cs.html\">PIMS Lab profile Code System v0.2.0 (CodeSystem)</a></p><p>All codes from system <a href=\"CodeSystem-bw-pims-lab-profile-cs.html\"><code>http://b-techbw.github.io/bw-lab-ig/CodeSystem/bw-pims-lab-profile-cs</code></a></p><table class=\"codes\"><tr><td style=\"white-space:nowrap\"><b>Code</b></td><td><b>Display</b></td><td><b>Definition</b></td></tr><tr><td style=\"white-space:nowrap\"><a name=\"http---b-techbw.github.io-bw-lab-ig-CodeSystem-bw-pims-lab-profile-cs-CD4\"> </a><a href=\"CodeSystem-bw-pims-lab-profile-cs.html#bw-pims-lab-profile-cs-CD4\">CD4</a></td><td>CD4</td><td/></tr><tr><td style=\"white-space:nowrap\"><a name=\"http---b-techbw.github.io-bw-lab-ig-CodeSystem-bw-pims-lab-profile-cs-VL\"> </a><a href=\"CodeSystem-bw-pims-lab-profile-cs.html#bw-pims-lab-profile-cs-VL\">VL</a></td><td>Viral load</td><td/></tr><tr><td style=\"white-space:nowrap\"><a name=\"http---b-techbw.github.io-bw-lab-ig-CodeSystem-bw-pims-lab-profile-cs-FBC\"> </a><a href=\"CodeSystem-bw-pims-lab-profile-cs.html#bw-pims-lab-profile-cs-FBC\">FBC</a></td><td>Full blood count</td><td/></tr><tr><td style=\"white-space:nowrap\"><a name=\"http---b-techbw.github.io-bw-lab-ig-CodeSystem-bw-pims-lab-profile-cs-LFT\"> </a><a href=\"CodeSystem-bw-pims-lab-profile-cs.html#bw-pims-lab-profile-cs-LFT\">LFT</a></td><td>Liver function test</td><td/></tr><tr><td style=\"white-space:nowrap\"><a name=\"http---b-techbw.github.io-bw-lab-ig-CodeSystem-bw-pims-lab-profile-cs-UE\"> </a><a href=\"CodeSystem-bw-pims-lab-profile-cs.html#bw-pims-lab-profile-cs-UE\">UE</a></td><td>Urea and electrolytes</td><td/></tr><tr><td style=\"white-space:nowrap\"><a name=\"http---b-techbw.github.io-bw-lab-ig-CodeSystem-bw-pims-lab-profile-cs-CVC\"> </a><a href=\"CodeSystem-bw-pims-lab-profile-cs.html#bw-pims-lab-profile-cs-CVC\">CVC</a></td><td>Cervical cancer</td><td/></tr><tr><td style=\"white-space:nowrap\"><a name=\"http---b-techbw.github.io-bw-lab-ig-CodeSystem-bw-pims-lab-profile-cs-CREAT\"> </a><a href=\"CodeSystem-bw-pims-lab-profile-cs.html#bw-pims-lab-profile-cs-CREAT\">CREAT</a></td><td>Serum creatinine</td><td/></tr><tr><td style=\"white-space:nowrap\"><a name=\"http---b-techbw.github.io-bw-lab-ig-CodeSystem-bw-pims-lab-profile-cs-HB\"> </a><a href=\"CodeSystem-bw-pims-lab-profile-cs.html#bw-pims-lab-profile-cs-HB\">HB</a></td><td>Haemoglobin</td><td/></tr><tr><td style=\"white-space:nowrap\"><a name=\"http---b-techbw.github.io-bw-lab-ig-CodeSystem-bw-pims-lab-profile-cs-MAL\"> </a><a href=\"CodeSystem-bw-pims-lab-profile-cs.html#bw-pims-lab-profile-cs-MAL\">MAL</a></td><td>Malaria profile</td><td/></tr><tr><td style=\"white-space:nowrap\"><a name=\"http---b-techbw.github.io-bw-lab-ig-CodeSystem-bw-pims-lab-profile-cs-ERYTH\"> </a><a href=\"CodeSystem-bw-pims-lab-profile-cs.html#bw-pims-lab-profile-cs-ERYTH\">ERYTH</a></td><td>Erythrocyte sed rate</td><td/></tr><tr><td style=\"white-space:nowrap\"><a name=\"http---b-techbw.github.io-bw-lab-ig-CodeSystem-bw-pims-lab-profile-cs-UREA\"> </a><a href=\"CodeSystem-bw-pims-lab-profile-cs.html#bw-pims-lab-profile-cs-UREA\">UREA</a></td><td>Urea</td><td/></tr><tr><td style=\"white-space:nowrap\"><a name=\"http---b-techbw.github.io-bw-lab-ig-CodeSystem-bw-pims-lab-profile-cs-URAT\"> </a><a href=\"CodeSystem-bw-pims-lab-profile-cs.html#bw-pims-lab-profile-cs-URAT\">URAT</a></td><td>Urate</td><td/></tr><tr><td style=\"white-space:nowrap\"><a name=\"http---b-techbw.github.io-bw-lab-ig-CodeSystem-bw-pims-lab-profile-cs-BLCHEM\"> </a><a href=\"CodeSystem-bw-pims-lab-profile-cs.html#bw-pims-lab-profile-cs-BLCHEM\">BLCHEM</a></td><td>Baseline chemistry</td><td/></tr><tr><td style=\"white-space:nowrap\"><a name=\"http---b-techbw.github.io-bw-lab-ig-CodeSystem-bw-pims-lab-profile-cs-SKME\"> </a><a href=\"CodeSystem-bw-pims-lab-profile-cs.html#bw-pims-lab-profile-cs-SKME\">SKME</a></td><td>Skeletal muscle enzymes</td><td/></tr><tr><td style=\"white-space:nowrap\"><a name=\"http---b-techbw.github.io-bw-lab-ig-CodeSystem-bw-pims-lab-profile-cs-ALB\"> </a><a href=\"CodeSystem-bw-pims-lab-profile-cs.html#bw-pims-lab-profile-cs-ALB\">ALB</a></td><td>Albumin</td><td/></tr><tr><td style=\"white-space:nowrap\"><a name=\"http---b-techbw.github.io-bw-lab-ig-CodeSystem-bw-pims-lab-profile-cs-ALP\"> </a><a href=\"CodeSystem-bw-pims-lab-profile-cs.html#bw-pims-lab-profile-cs-ALP\">ALP</a></td><td>Alkaline phosphates</td><td/></tr><tr><td style=\"white-space:nowrap\"><a name=\"http---b-techbw.github.io-bw-lab-ig-CodeSystem-bw-pims-lab-profile-cs-ALT\"> </a><a href=\"CodeSystem-bw-pims-lab-profile-cs.html#bw-pims-lab-profile-cs-ALT\">ALT</a></td><td>Alinine amino tran</td><td/></tr><tr><td style=\"white-space:nowrap\"><a name=\"http---b-techbw.github.io-bw-lab-ig-CodeSystem-bw-pims-lab-profile-cs-BFL\"> </a><a href=\"CodeSystem-bw-pims-lab-profile-cs.html#bw-pims-lab-profile-cs-BFL\">BFL</a></td><td>Body fluids</td><td/></tr><tr><td style=\"white-space:nowrap\"><a name=\"http---b-techbw.github.io-bw-lab-ig-CodeSystem-bw-pims-lab-profile-cs-BCL\"> </a><a href=\"CodeSystem-bw-pims-lab-profile-cs.html#bw-pims-lab-profile-cs-BCL\">BCL</a></td><td>Blood cultures</td><td/></tr><tr><td style=\"white-space:nowrap\"><a name=\"http---b-techbw.github.io-bw-lab-ig-CodeSystem-bw-pims-lab-profile-cs-CE\"> </a><a href=\"CodeSystem-bw-pims-lab-profile-cs.html#bw-pims-lab-profile-cs-CE\">CE</a></td><td>Cardiac enzymes</td><td/></tr><tr><td style=\"white-space:nowrap\"><a name=\"http---b-techbw.github.io-bw-lab-ig-CodeSystem-bw-pims-lab-profile-cs-PE\"> </a><a href=\"CodeSystem-bw-pims-lab-profile-cs.html#bw-pims-lab-profile-cs-PE\">PE</a></td><td>Pancreatic enzymes</td><td/></tr><tr><td style=\"white-space:nowrap\"><a name=\"http---b-techbw.github.io-bw-lab-ig-CodeSystem-bw-pims-lab-profile-cs-LIP\"> </a><a href=\"CodeSystem-bw-pims-lab-profile-cs.html#bw-pims-lab-profile-cs-LIP\">LIP</a></td><td>Lipid profile</td><td/></tr><tr><td style=\"white-space:nowrap\"><a name=\"http---b-techbw.github.io-bw-lab-ig-CodeSystem-bw-pims-lab-profile-cs-NVP\"> </a><a href=\"CodeSystem-bw-pims-lab-profile-cs.html#bw-pims-lab-profile-cs-NVP\">NVP</a></td><td>NVP Chemistry</td><td/></tr><tr><td style=\"white-space:nowrap\"><a name=\"http---b-techbw.github.io-bw-lab-ig-CodeSystem-bw-pims-lab-profile-cs-REN\"> </a><a href=\"CodeSystem-bw-pims-lab-profile-cs.html#bw-pims-lab-profile-cs-REN\">REN</a></td><td>Kidney/Renal function tests</td><td/></tr><tr><td style=\"white-space:nowrap\"><a name=\"http---b-techbw.github.io-bw-lab-ig-CodeSystem-bw-pims-lab-profile-cs-BSCHEM\"> </a><a href=\"CodeSystem-bw-pims-lab-profile-cs.html#bw-pims-lab-profile-cs-BSCHEM\">BSCHEM</a></td><td>Basic chemistry</td><td/></tr><tr><td style=\"white-space:nowrap\"><a name=\"http---b-techbw.github.io-bw-lab-ig-CodeSystem-bw-pims-lab-profile-cs-DP\"> </a><a href=\"CodeSystem-bw-pims-lab-profile-cs.html#bw-pims-lab-profile-cs-DP\">DP</a></td><td>Diabetic profile</td><td/></tr><tr><td style=\"white-space:nowrap\"><a name=\"http---b-techbw.github.io-bw-lab-ig-CodeSystem-bw-pims-lab-profile-cs-COAG\"> </a><a href=\"CodeSystem-bw-pims-lab-profile-cs.html#bw-pims-lab-profile-cs-COAG\">COAG</a></td><td>Coagulation</td><td/></tr><tr><td style=\"white-space:nowrap\"><a name=\"http---b-techbw.github.io-bw-lab-ig-CodeSystem-bw-pims-lab-profile-cs-ANC\"> </a><a href=\"CodeSystem-bw-pims-lab-profile-cs.html#bw-pims-lab-profile-cs-ANC\">ANC</a></td><td>ANC profile</td><td/></tr><tr><td style=\"white-space:nowrap\"><a name=\"http---b-techbw.github.io-bw-lab-ig-CodeSystem-bw-pims-lab-profile-cs-ABO\"> </a><a href=\"CodeSystem-bw-pims-lab-profile-cs.html#bw-pims-lab-profile-cs-ABO\">ABO</a></td><td>ABO grouping</td><td/></tr></table></div>"
      },
      "url" : "http://b-techbw.github.io/bw-lab-ig/ValueSet/bw-pims-lab-profile-vs",
      "version" : "0.2.0",
      "name" : "BwPimsLabProfileVS",
      "title" : "Status Values for PIMS Lab profile",
      "status" : "active",
      "date" : "2021-06-16T19:16:37+00:00",
      "publisher" : "B-TECHBW",
      "contact" : [{
        "name" : "B-TECHBW",
        "telecom" : [{
          "system" : "url",
          "value" : "www.github.com/b-techbw"
        },
        {
          "system" : "email",
          "value" : "pmanko@uw.edu"
        }]
      }],
      "jurisdiction" : [{
        "coding" : [{
          "system" : "http://unstats.un.org/unsd/methods/m49/m49.htm",
          "code" : "072"
        }]
      },
      {
        "coding" : [{
          "system" : "urn:iso:std:iso:3166",
          "code" : "BW"
        }]
      }],
      "expansion" : {
        "identifier" : "urn:uuid:62121662-64fd-4cd9-8b2f-27b5985f2e3a",
        "timestamp" : "2021-06-16T19:16:55+00:00",
        "total" : 29,
        "parameter" : [{
          "name" : "excludeNested",
          "valueBoolean" : false
        },
        {
          "name" : "version",
          "valueUri" : "http://b-techbw.github.io/bw-lab-ig/CodeSystem/bw-pims-lab-profile-cs|0.2.0"
        }],
        "contains" : [{
          "system" : "http://b-techbw.github.io/bw-lab-ig/CodeSystem/bw-pims-lab-profile-cs",
          "code" : "CD4",
          "display" : "CD4"
        },
        {
          "system" : "http://b-techbw.github.io/bw-lab-ig/CodeSystem/bw-pims-lab-profile-cs",
          "code" : "VL",
          "display" : "Viral load"
        },
        {
          "system" : "http://b-techbw.github.io/bw-lab-ig/CodeSystem/bw-pims-lab-profile-cs",
          "code" : "FBC",
          "display" : "Full blood count"
        },
        {
          "system" : "http://b-techbw.github.io/bw-lab-ig/CodeSystem/bw-pims-lab-profile-cs",
          "code" : "LFT",
          "display" : "Liver function test"
        },
        {
          "system" : "http://b-techbw.github.io/bw-lab-ig/CodeSystem/bw-pims-lab-profile-cs",
          "code" : "UE",
          "display" : "Urea and electrolytes"
        },
        {
          "system" : "http://b-techbw.github.io/bw-lab-ig/CodeSystem/bw-pims-lab-profile-cs",
          "code" : "CVC",
          "display" : "Cervical cancer"
        },
        {
          "system" : "http://b-techbw.github.io/bw-lab-ig/CodeSystem/bw-pims-lab-profile-cs",
          "code" : "CREAT",
          "display" : "Serum creatinine"
        },
        {
          "system" : "http://b-techbw.github.io/bw-lab-ig/CodeSystem/bw-pims-lab-profile-cs",
          "code" : "HB",
          "display" : "Haemoglobin"
        },
        {
          "system" : "http://b-techbw.github.io/bw-lab-ig/CodeSystem/bw-pims-lab-profile-cs",
          "code" : "MAL",
          "display" : "Malaria profile"
        },
        {
          "system" : "http://b-techbw.github.io/bw-lab-ig/CodeSystem/bw-pims-lab-profile-cs",
          "code" : "ERYTH",
          "display" : "Erythrocyte sed rate"
        },
        {
          "system" : "http://b-techbw.github.io/bw-lab-ig/CodeSystem/bw-pims-lab-profile-cs",
          "code" : "UREA",
          "display" : "Urea"
        },
        {
          "system" : "http://b-techbw.github.io/bw-lab-ig/CodeSystem/bw-pims-lab-profile-cs",
          "code" : "URAT",
          "display" : "Urate"
        },
        {
          "system" : "http://b-techbw.github.io/bw-lab-ig/CodeSystem/bw-pims-lab-profile-cs",
          "code" : "BLCHEM",
          "display" : "Baseline chemistry"
        },
        {
          "system" : "http://b-techbw.github.io/bw-lab-ig/CodeSystem/bw-pims-lab-profile-cs",
          "code" : "SKME",
          "display" : "Skeletal muscle enzymes"
        },
        {
          "system" : "http://b-techbw.github.io/bw-lab-ig/CodeSystem/bw-pims-lab-profile-cs",
          "code" : "ALB",
          "display" : "Albumin"
        },
        {
          "system" : "http://b-techbw.github.io/bw-lab-ig/CodeSystem/bw-pims-lab-profile-cs",
          "code" : "ALP",
          "display" : "Alkaline phosphates"
        },
        {
          "system" : "http://b-techbw.github.io/bw-lab-ig/CodeSystem/bw-pims-lab-profile-cs",
          "code" : "ALT",
          "display" : "Alinine amino tran"
        },
        {
          "system" : "http://b-techbw.github.io/bw-lab-ig/CodeSystem/bw-pims-lab-profile-cs",
          "code" : "BFL",
          "display" : "Body fluids"
        },
        {
          "system" : "http://b-techbw.github.io/bw-lab-ig/CodeSystem/bw-pims-lab-profile-cs",
          "code" : "BCL",
          "display" : "Blood cultures"
        },
        {
          "system" : "http://b-techbw.github.io/bw-lab-ig/CodeSystem/bw-pims-lab-profile-cs",
          "code" : "CE",
          "display" : "Cardiac enzymes"
        },
        {
          "system" : "http://b-techbw.github.io/bw-lab-ig/CodeSystem/bw-pims-lab-profile-cs",
          "code" : "PE",
          "display" : "Pancreatic enzymes"
        },
        {
          "system" : "http://b-techbw.github.io/bw-lab-ig/CodeSystem/bw-pims-lab-profile-cs",
          "code" : "LIP",
          "display" : "Lipid profile"
        },
        {
          "system" : "http://b-techbw.github.io/bw-lab-ig/CodeSystem/bw-pims-lab-profile-cs",
          "code" : "NVP",
          "display" : "NVP Chemistry"
        },
        {
          "system" : "http://b-techbw.github.io/bw-lab-ig/CodeSystem/bw-pims-lab-profile-cs",
          "code" : "REN",
          "display" : "Kidney/Renal function tests"
        },
        {
          "system" : "http://b-techbw.github.io/bw-lab-ig/CodeSystem/bw-pims-lab-profile-cs",
          "code" : "BSCHEM",
          "display" : "Basic chemistry"
        },
        {
          "system" : "http://b-techbw.github.io/bw-lab-ig/CodeSystem/bw-pims-lab-profile-cs",
          "code" : "DP",
          "display" : "Diabetic profile"
        },
        {
          "system" : "http://b-techbw.github.io/bw-lab-ig/CodeSystem/bw-pims-lab-profile-cs",
          "code" : "COAG",
          "display" : "Coagulation"
        },
        {
          "system" : "http://b-techbw.github.io/bw-lab-ig/CodeSystem/bw-pims-lab-profile-cs",
          "code" : "ANC",
          "display" : "ANC profile"
        },
        {
          "system" : "http://b-techbw.github.io/bw-lab-ig/CodeSystem/bw-pims-lab-profile-cs",
          "code" : "ABO",
          "display" : "ABO grouping"
        }]
      }
    }
  },
  {
    "fullUrl" : "http://b-techbw.github.io/bw-lab-ig/ValueSet/bw-pims-lab-order-status-vs",
    "resource" : {
      "resourceType" : "ValueSet",
      "id" : "bw-pims-lab-order-status-vs",
      "text" : {
        "status" : "generated",
        "div" : "<div xmlns=\"http://www.w3.org/1999/xhtml\"><p>This value set contains 5 concepts</p><p style=\"border: black 1px dotted; background-color: #EEEEEE; padding: 8px; margin-bottom: 8px\">Expansion based on <a href=\"CodeSystem-bw-pims-lab-order-status-cs.html\">PIMS Lab Order Status Code System v0.2.0 (CodeSystem)</a></p><p>All codes from system <a href=\"CodeSystem-bw-pims-lab-order-status-cs.html\"><code>http://b-techbw.github.io/bw-lab-ig/CodeSystem/bw-pims-lab-order-status-cs</code></a></p><table class=\"codes\"><tr><td style=\"white-space:nowrap\"><b>Code</b></td><td><b>Display</b></td><td><b>Definition</b></td></tr><tr><td style=\"white-space:nowrap\"><a name=\"http---b-techbw.github.io-bw-lab-ig-CodeSystem-bw-pims-lab-order-status-cs-ordered\"> </a><a href=\"CodeSystem-bw-pims-lab-order-status-cs.html#bw-pims-lab-order-status-cs-ordered\">ordered</a></td><td>Ordered</td><td>Order was requested</td></tr><tr><td style=\"white-space:nowrap\"><a name=\"http---b-techbw.github.io-bw-lab-ig-CodeSystem-bw-pims-lab-order-status-cs-fully-drawn\"> </a><a href=\"CodeSystem-bw-pims-lab-order-status-cs.html#bw-pims-lab-order-status-cs-fully-drawn\">fully-drawn</a></td><td>Fully-drawn</td><td>All Order specimens were drawn</td></tr><tr><td style=\"white-space:nowrap\"><a name=\"http---b-techbw.github.io-bw-lab-ig-CodeSystem-bw-pims-lab-order-status-cs-partially-resulted\"> </a><a href=\"CodeSystem-bw-pims-lab-order-status-cs.html#bw-pims-lab-order-status-cs-partially-resulted\">partially-resulted</a></td><td>Partially-resulted</td><td>Partial results are available</td></tr><tr><td style=\"white-space:nowrap\"><a name=\"http---b-techbw.github.io-bw-lab-ig-CodeSystem-bw-pims-lab-order-status-cs-cancelled\"> </a><a href=\"CodeSystem-bw-pims-lab-order-status-cs.html#bw-pims-lab-order-status-cs-cancelled\">cancelled</a></td><td>Cancelled</td><td>Order was cancelled</td></tr><tr><td style=\"white-space:nowrap\"><a name=\"http---b-techbw.github.io-bw-lab-ig-CodeSystem-bw-pims-lab-order-status-cs-partially-drawn\"> </a><a href=\"CodeSystem-bw-pims-lab-order-status-cs.html#bw-pims-lab-order-status-cs-partially-drawn\">partially-drawn</a></td><td>Partially-drawn</td><td>Some order specimens were drawn</td></tr></table></div>"
      },
      "url" : "http://b-techbw.github.io/bw-lab-ig/ValueSet/bw-pims-lab-order-status-vs",
      "version" : "0.2.0",
      "name" : "BwPimsLabOrderStatusVS",
      "title" : "Status Values for PIMS Lab Orders",
      "status" : "active",
      "date" : "2021-06-16T19:16:37+00:00",
      "publisher" : "B-TECHBW",
      "contact" : [{
        "name" : "B-TECHBW",
        "telecom" : [{
          "system" : "url",
          "value" : "www.github.com/b-techbw"
        },
        {
          "system" : "email",
          "value" : "pmanko@uw.edu"
        }]
      }],
      "jurisdiction" : [{
        "coding" : [{
          "system" : "http://unstats.un.org/unsd/methods/m49/m49.htm",
          "code" : "072"
        }]
      },
      {
        "coding" : [{
          "system" : "urn:iso:std:iso:3166",
          "code" : "BW"
        }]
      }],
      "expansion" : {
        "identifier" : "urn:uuid:589fb7d5-d011-45b5-83cf-0764d095dc3c",
        "timestamp" : "2021-06-16T19:16:55+00:00",
        "total" : 5,
        "parameter" : [{
          "name" : "excludeNested",
          "valueBoolean" : false
        },
        {
          "name" : "version",
          "valueUri" : "http://b-techbw.github.io/bw-lab-ig/CodeSystem/bw-pims-lab-order-status-cs|0.2.0"
        }],
        "contains" : [{
          "system" : "http://b-techbw.github.io/bw-lab-ig/CodeSystem/bw-pims-lab-order-status-cs",
          "code" : "ordered",
          "display" : "Ordered"
        },
        {
          "system" : "http://b-techbw.github.io/bw-lab-ig/CodeSystem/bw-pims-lab-order-status-cs",
          "code" : "fully-drawn",
          "display" : "Fully-drawn"
        },
        {
          "system" : "http://b-techbw.github.io/bw-lab-ig/CodeSystem/bw-pims-lab-order-status-cs",
          "code" : "partially-resulted",
          "display" : "Partially-resulted"
        },
        {
          "system" : "http://b-techbw.github.io/bw-lab-ig/CodeSystem/bw-pims-lab-order-status-cs",
          "code" : "cancelled",
          "display" : "Cancelled"
        },
        {
          "system" : "http://b-techbw.github.io/bw-lab-ig/CodeSystem/bw-pims-lab-order-status-cs",
          "code" : "partially-drawn",
          "display" : "Partially-drawn"
        }]
      }
    }
  }]
}