<?xml version="1.0" encoding="UTF-8"?>

<ConceptMap xmlns="http://hl7.org/fhir">
  <id value="BwLabPimsOrderStatusRequestCM"/>
  <text>
    <status value="extensions"/><div xmlns="http://www.w3.org/1999/xhtml"><h2>BwLabPimsOrderStatusRequestCM (http://b-techbw.github.io/bw-lab-ig/ConceptMap/BwLabPimsOrderStatusRequestCM)</h2><p>Mapping from <a href="ValueSet-bw-pims-lab-order-status-vs.html">http://b-techbw.github.io/bw-lab-ig/ValueSet/bw-pims-lab-order-status-vs</a> to <a href="http://hl7.org/fhir/R4/valueset-request-status.html">http://hl7.org/fhir/ValueSet/request-status</a></p><p>DRAFT (not intended for production usage). Published on Jun 16, 2021, 7:16:37 PM by B-TECHBW (B-TECHBW: <a href="www.github.com/b-techbw">www.github.com/b-techbw</a>, <a href="mailto:pmanko@uw.edu">pmanko@uw.edu</a>). </p><br/><table class="grid"><tr><td><b>Source Code</b></td><td><b>Relationship</b></td><td><b>Destination Code</b></td></tr><tr><td>ordered</td><td><a href="http://hl7.org/fhir/R4/codesystem-concept-map-equivalence.html#equal">is equal to</a></td><td>active</td></tr><tr><td>fully-drawn</td><td><a href="http://hl7.org/fhir/R4/codesystem-concept-map-equivalence.html#equal">is equal to</a></td><td>active</td></tr><tr><td>partially-resulted</td><td><a href="http://hl7.org/fhir/R4/codesystem-concept-map-equivalence.html#equal">is equal to</a></td><td>active</td></tr><tr><td>cancelled</td><td><a href="http://hl7.org/fhir/R4/codesystem-concept-map-equivalence.html#equal">is equal to</a></td><td>revoked</td></tr><tr><td>partially-drawn</td><td><a href="http://hl7.org/fhir/R4/codesystem-concept-map-equivalence.html#equal">is equal to</a></td><td>active</td></tr></table></div>
  </text>
  <url value="http://b-techbw.github.io/bw-lab-ig/ConceptMap/BwLabPimsOrderStatusRequestCM"/>
  <version value="0.2.0"/>
  <name value="BwLabPimsOrderStatusRequestCM"/>
  <status value="draft"/>
  <experimental value="true"/>
  <date value="2021-06-16T19:16:37+00:00"/>
  <publisher value="B-TECHBW"/>
  <contact>
    <name value="B-TECHBW"/>
    <telecom>
      <system value="url"/>
      <value value="www.github.com/b-techbw"/>
    </telecom>
    <telecom>
      <system value="email"/>
      <value value="pmanko@uw.edu"/>
    </telecom>
  </contact>
  <jurisdiction>
    <coding>
      <system value="http://unstats.un.org/unsd/methods/m49/m49.htm"/>
      <code value="072"/>
    </coding>
  </jurisdiction>
  <jurisdiction>
    <coding>
      <system value="urn:iso:std:iso:3166"/>
      <code value="BW"/>
    </coding>
  </jurisdiction>
  <sourceCanonical value="http://b-techbw.github.io/bw-lab-ig/ValueSet/bw-pims-lab-order-status-vs"/>
  <targetUri value="http://hl7.org/fhir/ValueSet/request-status"/>
  <group>
    <source value="http://b-techbw.github.io/bw-lab-ig/ValueSet/bw-pims-lab-order-status-vs"/>
    <target value="http://hl7.org/fhir/ValueSet/request-status"/>
    <element>
      <code value="ordered"/>
      <target>
        <code value="active"/>
        <equivalence value="equal"/>
      </target>
    </element>
    <element>
      <code value="fully-drawn"/>
      <target>
        <code value="active"/>
        <equivalence value="equal"/>
      </target>
    </element>
    <element>
      <code value="partially-resulted"/>
      <target>
        <code value="active"/>
        <equivalence value="equal"/>
      </target>
    </element>
    <element>
      <code value="cancelled"/>
      <target>
        <code value="revoked"/>
        <equivalence value="equal"/>
      </target>
    </element>
    <element>
      <code value="partially-drawn"/>
      <target>
        <code value="active"/>
        <equivalence value="equal"/>
      </target>
    </element>
  </group>
</ConceptMap>