<?xml version="1.0" encoding="UTF-8"?>

<Location xmlns="http://hl7.org/fhir">
  <id value="example-location-order-creator"/>
  <text>
    <status value="generated"/><div xmlns="http://www.w3.org/1999/xhtml"><p><b>Generated Narrative</b></p><p><b>status</b>: active</p><p><b>type</b>: <span title="Codes: {urn:ietf:rfc:3986 HOSP}">HOSP</span>, <span title="Codes: {https://github.com/ihe/ITI.mCSD Facility}">Facility</span></p><p><b>physicalType</b>: <span title="Codes: ">bu</span></p><p><b>managingOrganization</b>: <a href="Organization-example-facility-order-creator.html">Generated Summary: id: &lt;pims-facility-code&gt;; active; <span title="Codes: {urn:ietf:rfc:3986 prov}">prov</span>, <span title="Codes: {https://github.com/ihe/ITI.mCSD Facility}">Facility</span></a></p></div>
  </text>
  <status value="active"/>
  <type>
    <coding>
      <system value="urn:ietf:rfc:3986"/>
      <code value="HOSP"/>
    </coding>
  </type>
  <type>
    <coding>
      <system value="https://github.com/ihe/ITI.mCSD"/>
      <code value="Facility"/>
    </coding>
  </type>
  <physicalType>
    <coding>
      <code value="bu"/>
    </coding>
  </physicalType>
  <managingOrganization>
    <reference value="Organization/example-facility-order-creator"/>
  </managingOrganization>
</Location>