<?xml version="1.0" encoding="UTF-8"?>

<Organization xmlns="http://hl7.org/fhir">
  <id value="example-facility-order-creator"/>
  <text>
    <status value="generated"/><div xmlns="http://www.w3.org/1999/xhtml"><p><b>Generated Narrative</b></p><p><b>identifier</b>: id: &lt;pims-facility-code&gt;</p><p><b>active</b>: true</p><p><b>type</b>: <span title="Codes: {urn:ietf:rfc:3986 prov}">prov</span>, <span title="Codes: {https://github.com/ihe/ITI.mCSD Facility}">Facility</span></p></div>
  </text>
  <identifier>
    <system value="http://moh.bw.org/ext/mfl/facility-code"/>
    <value value="&lt;pims-facility-code&gt;"/>
  </identifier>
  <active value="true"/>
  <type>
    <coding>
      <system value="urn:ietf:rfc:3986"/>
      <code value="prov"/>
    </coding>
  </type>
  <type>
    <coding>
      <system value="https://github.com/ihe/ITI.mCSD"/>
      <code value="Facility"/>
    </coding>
  </type>
</Organization>