<?xml version="1.0" encoding="UTF-8"?>

<Organization xmlns="http://hl7.org/fhir">
  <id value="example-facility-order-reciever"/>
  <text>
    <status value="generated"/><div xmlns="http://www.w3.org/1999/xhtml"><p><b>Generated Narrative</b></p><div style="display: inline-block; background-color: #d9e0e7; padding: 6px; margin: 4px; border: 1px solid #8da1b4; border-radius: 5px; line-height: 60%"><p style="margin-bottom: 0px">Resource "example-facility-order-reciever" </p></div><p><b>identifier</b>: id: MOH001</p><p><b>active</b>: true</p></div>
  </text>
  <identifier>
    <system value="http://moh.bw.org/ext/mfl/facility-code"/>
    <value value="MOH001"/>
  </identifier>
  <active value="true"/>
</Organization>