<?xml version="1.0" encoding="UTF-8"?>

<Patient xmlns="http://hl7.org/fhir">
  <id value="example-omang-patient"/>
  <meta>
    <profile value="http://b-techbw.github.io/bw-lab-ig/StructureDefinition/omang-patient"/>
  </meta>
  <text>
    <status value="generated"/><div xmlns="http://www.w3.org/1999/xhtml"><p><b>Generated Narrative</b></p><p><b>identifier</b>: id: &lt;ID_NO&gt; (OFFICIAL)</p><p><b>name</b>: &lt;SURNME&gt; &lt;FIRST_NME&gt; (OFFICIAL)</p><p><b>gender</b>: female</p><p><b>birthDate</b>: 2000-01-01</p><p><b>deceased</b>: 2010-01-01</p><p><b>address</b>: &lt;DISTRICT_CDE&gt; </p><p><b>maritalStatus</b>: <span title="Codes: ">M</span></p></div>
  </text>
  <identifier>
    <use value="official"/>
    <system value="http://moh.bw.org/ext/identifier/omang"/>
    <value value="&lt;ID_NO&gt;"/>
  </identifier>
  <name>
    <use value="official"/>
    <family value="&lt;FIRST_NME&gt;"/>
    <given value="&lt;SURNME&gt;"/>
  </name>
  <gender value="female"/>
  <birthDate value="2000-01-01"/>
  <deceasedDateTime value="2010-01-01"/>
  <address>
    <district value="&lt;DISTRICT_NME&gt;"/>
    <postalCode value="&lt;DISTRICT_CDE&gt;"/>
  </address>
  <maritalStatus>
    <coding>
      <code value="M"/>
    </coding>
  </maritalStatus>
</Patient>