<?xml version="1.0" encoding="UTF-8"?>

<ServiceRequest xmlns="http://hl7.org/fhir">
  <id value="example-bw-pims-service-request-2"/>
  <meta>
    <profile value="http://b-techbw.github.io/bw-lab-ig/StructureDefinition/bw-basic-service-request"/>
  </meta>
  <text>
    <status value="generated"/><div xmlns="http://www.w3.org/1999/xhtml"><p><b>Generated Narrative</b></p><p><b>basedOn</b>: <a href="ServiceRequest-example-bw-pims-service-request-profile.html">Generated Summary: status: active; intent: order; <span title="Codes: {http://moh.bw.org/ext/laboratory/pims-lab-profile-code pims-profile-code}">pims-profile-code</span></a></p><p><b>status</b>: active</p><p><b>intent</b>: order</p><p><b>code</b>: <span title="Codes: {http://moh.bw.org/ext/laboratory/pims-lab-test-code pims-labtest-code}">pims-labtest-code</span></p><p><b>subject</b>: <a href="Patient-example-pims-patient.html">Generated Summary: MR: urn:uuid:&lt;Pims-specific Patient ID&gt;, id: &lt;OmangNumber&gt; (OFFICIAL); Test PimsPatient (OFFICIAL); gender: female; birthDate: 1988-03-02</a></p><p><b>performer</b>: <a href="Organization-example-facility-order-reciever.html">Generated Summary: id: MOH001; active</a></p><p><b>locationReference</b>: <a href="Location-example-location-order-reciever.html">Generated Summary: status: active; <span title="Codes: {urn:ietf:rfc:3986 HLAB}">HLAB</span>, <span title="Codes: {https://github.com/ihe/ITI.mCSD Facility}">Facility</span>; <span title="Codes: ">bu</span></a></p></div>
  </text>
  <basedOn>
    <reference value="ServiceRequest/example-bw-pims-service-request-profile"/>
  </basedOn>
  <status value="active"/>
  <intent value="order"/>
  <code>
    <coding>
      <system value="http://moh.bw.org/ext/laboratory/pims-lab-test-code"/>
      <code value="pims-labtest-code"/>
    </coding>
  </code>
  <subject>
    <reference value="Patient/example-pims-patient"/>
  </subject>
  <performer>
    <reference value="Organization/example-facility-order-reciever"/>
  </performer>
  <locationReference>
    <reference value="Location/example-location-order-reciever"/>
  </locationReference>
</ServiceRequest>