<?xml version="1.0" encoding="UTF-8"?>

<StructureDefinition xmlns="http://hl7.org/fhir">
  <id value="BwLabDataDictionary"/>
  <text>
    <status value="extensions"/><div xmlns="http://www.w3.org/1999/xhtml"><table border="0" cellpadding="0" cellspacing="0" style="border: 0px #F0F0F0 solid; font-size: 11px; font-family: verdana; vertical-align: top;"><tr style="border: 1px #F0F0F0 solid; font-size: 11px; font-family: verdana; vertical-align: top"><th style="vertical-align: top; text-align : left; background-color: white; border: 0px #F0F0F0 solid; padding:0px 4px 0px 4px" class="hierarchy"><a href="http://hl7.org/fhir/R4/formats.html#table" title="The logical name of the element">Name</a></th><th style="vertical-align: top; text-align : left; background-color: white; border: 0px #F0F0F0 solid; padding:0px 4px 0px 4px" class="hierarchy"><a href="http://hl7.org/fhir/R4/formats.html#table" title="Information about the use of the element">Flags</a></th><th style="vertical-align: top; text-align : left; background-color: white; border: 0px #F0F0F0 solid; padding:0px 4px 0px 4px" class="hierarchy"><a href="http://hl7.org/fhir/R4/formats.html#table" title="Minimum and Maximum # of times the the element can appear in the instance">Card.</a></th><th style="width: 100px" class="hierarchy"><a href="http://hl7.org/fhir/R4/formats.html#table" title="Reference to the type of the element">Type</a></th><th style="vertical-align: top; text-align : left; background-color: white; border: 0px #F0F0F0 solid; padding:0px 4px 0px 4px" class="hierarchy"><a href="http://hl7.org/fhir/R4/formats.html#table" title="Additional information about the element">Description &amp; Constraints</a><span style="float: right"><a href="http://hl7.org/fhir/R4/formats.html#table" title="Legend for this format"><img src="http://hl7.org/fhir/R4/help16.png" alt="doco" style="background-color: inherit"/></a></span></th></tr><tr style="border: 0px #F0F0F0 solid; padding:0px; vertical-align: top; background-color: white"><td style="vertical-align: top; text-align : left; background-color: white; border: 0px #F0F0F0 solid; padding:0px 4px 0px 4px; white-space: nowrap; background-image: url(tbl_bck1.png)" class="hierarchy"><img src="tbl_spacer.png" alt="." style="background-color: inherit" class="hierarchy"/><img src="icon_element.gif" alt="." style="background-color: white; background-color: inherit" title="Element" class="hierarchy"/> <a href="StructureDefinition-BwLabDataDictionary-definitions.html#EmrLisDataDictionary" title="EmrLisDataDictionary">EmrLisDataDictionary</a><a name="EmrLisDataDictionary"> </a></td><td style="vertical-align: top; text-align : left; background-color: white; border: 0px #F0F0F0 solid; padding:0px 4px 0px 4px" class="hierarchy"/><td style="vertical-align: top; text-align : left; background-color: white; border: 0px #F0F0F0 solid; padding:0px 4px 0px 4px" class="hierarchy">0..*</td><td style="vertical-align: top; text-align : left; background-color: white; border: 0px #F0F0F0 solid; padding:0px 4px 0px 4px" class="hierarchy"><a href="http://hl7.org/fhir/R4/datatypes.html#Element">Element</a></td><td style="vertical-align: top; text-align : left; background-color: white; border: 0px #F0F0F0 solid; padding:0px 4px 0px 4px" class="hierarchy"><span style="opacity: 0.5">Base for all elements</span><br/></td></tr>
<tr style="border: 0px #F0F0F0 solid; padding:0px; vertical-align: top; background-color: #F7F7F7"><td style="vertical-align: top; text-align : left; background-color: #F7F7F7; border: 0px #F0F0F0 solid; padding:0px 4px 0px 4px; white-space: nowrap; background-image: url(tbl_bck11.png)" class="hierarchy"><img src="tbl_spacer.png" alt="." style="background-color: inherit" class="hierarchy"/><img src="tbl_vjoin.png" alt="." style="background-color: inherit" class="hierarchy"/><img src="icon_datatype.gif" alt="." style="background-color: #F7F7F7; background-color: inherit" title="Data Type" class="hierarchy"/> <a href="StructureDefinition-BwLabDataDictionary-definitions.html#EmrLisDataDictionary.Patient" title="Logical model of EMR-LIS Patient">Patient</a><a name="EmrLisDataDictionary.Patient"> </a></td><td style="vertical-align: top; text-align : left; background-color: #F7F7F7; border: 0px #F0F0F0 solid; padding:0px 4px 0px 4px" class="hierarchy"/><td style="vertical-align: top; text-align : left; background-color: #F7F7F7; border: 0px #F0F0F0 solid; padding:0px 4px 0px 4px" class="hierarchy">0..1</td><td style="vertical-align: top; text-align : left; background-color: #F7F7F7; border: 0px #F0F0F0 solid; padding:0px 4px 0px 4px" class="hierarchy"><a href="http://hl7.org/fhir/R4/datatypes.html#BackboneElement">BackboneElement</a></td><td style="vertical-align: top; text-align : left; background-color: #F7F7F7; border: 0px #F0F0F0 solid; padding:0px 4px 0px 4px" class="hierarchy">EMR-LIS Patient Logical Model</td></tr>
<tr style="border: 0px #F0F0F0 solid; padding:0px; vertical-align: top; background-color: white"><td style="vertical-align: top; text-align : left; background-color: white; border: 0px #F0F0F0 solid; padding:0px 4px 0px 4px; white-space: nowrap; background-image: url(tbl_bck110.png)" class="hierarchy"><img src="tbl_spacer.png" alt="." style="background-color: inherit" class="hierarchy"/><img src="tbl_vline.png" alt="." style="background-color: inherit" class="hierarchy"/><img src="tbl_vjoin.png" alt="." style="background-color: inherit" class="hierarchy"/><img src="icon_datatype.gif" alt="." style="background-color: white; background-color: inherit" title="Data Type" class="hierarchy"/> <a href="StructureDefinition-BwLabDataDictionary-definitions.html#EmrLisDataDictionary.Patient.NationalID" title="Main national-level identification number (Omang or Passport)">NationalID</a><a name="EmrLisDataDictionary.Patient.NationalID"> </a></td><td style="vertical-align: top; text-align : left; background-color: white; border: 0px #F0F0F0 solid; padding:0px 4px 0px 4px" class="hierarchy"/><td style="vertical-align: top; text-align : left; background-color: white; border: 0px #F0F0F0 solid; padding:0px 4px 0px 4px" class="hierarchy">0..1</td><td style="vertical-align: top; text-align : left; background-color: white; border: 0px #F0F0F0 solid; padding:0px 4px 0px 4px" class="hierarchy"><a href="http://hl7.org/fhir/R4/datatypes.html#Identifier">Identifier</a></td><td style="vertical-align: top; text-align : left; background-color: white; border: 0px #F0F0F0 solid; padding:0px 4px 0px 4px" class="hierarchy">National Patient Identification Number</td></tr>
<tr style="border: 0px #F0F0F0 solid; padding:0px; vertical-align: top; background-color: #F7F7F7"><td style="vertical-align: top; text-align : left; background-color: #F7F7F7; border: 0px #F0F0F0 solid; padding:0px 4px 0px 4px; white-space: nowrap; background-image: url(tbl_bck110.png)" class="hierarchy"><img src="tbl_spacer.png" alt="." style="background-color: inherit" class="hierarchy"/><img src="tbl_vline.png" alt="." style="background-color: inherit" class="hierarchy"/><img src="tbl_vjoin.png" alt="." style="background-color: inherit" class="hierarchy"/><img src="icon_datatype.gif" alt="." style="background-color: #F7F7F7; background-color: inherit" title="Data Type" class="hierarchy"/> <a href="StructureDefinition-BwLabDataDictionary-definitions.html#EmrLisDataDictionary.Patient.Active" title="Flag for distinguishing between active and not active Patients">Active</a><a name="EmrLisDataDictionary.Patient.Active"> </a></td><td style="vertical-align: top; text-align : left; background-color: #F7F7F7; border: 0px #F0F0F0 solid; padding:0px 4px 0px 4px" class="hierarchy"/><td style="vertical-align: top; text-align : left; background-color: #F7F7F7; border: 0px #F0F0F0 solid; padding:0px 4px 0px 4px" class="hierarchy">0..1</td><td style="vertical-align: top; text-align : left; background-color: #F7F7F7; border: 0px #F0F0F0 solid; padding:0px 4px 0px 4px" class="hierarchy"><a href="http://hl7.org/fhir/R4/datatypes.html#CodeableConcept">CodeableConcept</a></td><td style="vertical-align: top; text-align : left; background-color: #F7F7F7; border: 0px #F0F0F0 solid; padding:0px 4px 0px 4px" class="hierarchy">Patient Active Flag<br/><span style="font-weight:bold">Binding: </span><a href="http://hl7.org/fhir/R4/terminologies.html#unbound">(unbound)</a> (<a href="http://hl7.org/fhir/R4/terminologies.html#extensible" title="To be conformant, the concept in this element SHALL be from the specified value set if any of the codes within the value set can apply to the concept being communicated.  If the value set does not cover the concept (based on human review), alternate codings (or, data type allowing, text) may be included instead.">extensible</a>)</td></tr>
<tr style="border: 0px #F0F0F0 solid; padding:0px; vertical-align: top; background-color: white"><td style="vertical-align: top; text-align : left; background-color: white; border: 0px #F0F0F0 solid; padding:0px 4px 0px 4px; white-space: nowrap; background-image: url(tbl_bck110.png)" class="hierarchy"><img src="tbl_spacer.png" alt="." style="background-color: inherit" class="hierarchy"/><img src="tbl_vline.png" alt="." style="background-color: inherit" class="hierarchy"/><img src="tbl_vjoin.png" alt="." style="background-color: inherit" class="hierarchy"/><img src="icon_datatype.gif" alt="." style="background-color: white; background-color: inherit" title="Data Type" class="hierarchy"/> <a href="StructureDefinition-BwLabDataDictionary-definitions.html#EmrLisDataDictionary.Patient.MaritalStatus" title="Marital Status">MaritalStatus</a><a name="EmrLisDataDictionary.Patient.MaritalStatus"> </a></td><td style="vertical-align: top; text-align : left; background-color: white; border: 0px #F0F0F0 solid; padding:0px 4px 0px 4px" class="hierarchy"/><td style="vertical-align: top; text-align : left; background-color: white; border: 0px #F0F0F0 solid; padding:0px 4px 0px 4px" class="hierarchy">0..*</td><td style="vertical-align: top; text-align : left; background-color: white; border: 0px #F0F0F0 solid; padding:0px 4px 0px 4px" class="hierarchy"><a href="http://hl7.org/fhir/R4/datatypes.html#CodeableConcept">CodeableConcept</a></td><td style="vertical-align: top; text-align : left; background-color: white; border: 0px #F0F0F0 solid; padding:0px 4px 0px 4px" class="hierarchy">Marital Status<br/><span style="font-weight:bold">Binding: </span><a href="http://hl7.org/fhir/R4/terminologies.html#unbound">(unbound)</a> (<a href="http://hl7.org/fhir/R4/terminologies.html#extensible" title="To be conformant, the concept in this element SHALL be from the specified value set if any of the codes within the value set can apply to the concept being communicated.  If the value set does not cover the concept (based on human review), alternate codings (or, data type allowing, text) may be included instead.">extensible</a>)<br/></td></tr>
<tr style="border: 0px #F0F0F0 solid; padding:0px; vertical-align: top; background-color: #F7F7F7"><td style="vertical-align: top; text-align : left; background-color: #F7F7F7; border: 0px #F0F0F0 solid; padding:0px 4px 0px 4px; white-space: nowrap; background-image: url(tbl_bck110.png)" class="hierarchy"><img src="tbl_spacer.png" alt="." style="background-color: inherit" class="hierarchy"/><img src="tbl_vline.png" alt="." style="background-color: inherit" class="hierarchy"/><img src="tbl_vjoin.png" alt="." style="background-color: inherit" class="hierarchy"/><img src="icon_datatype.gif" alt="." style="background-color: #F7F7F7; background-color: inherit" title="Data Type" class="hierarchy"/> <a href="StructureDefinition-BwLabDataDictionary-definitions.html#EmrLisDataDictionary.Patient.Address" title="Patient Address">Address</a><a name="EmrLisDataDictionary.Patient.Address"> </a></td><td style="vertical-align: top; text-align : left; background-color: #F7F7F7; border: 0px #F0F0F0 solid; padding:0px 4px 0px 4px" class="hierarchy"/><td style="vertical-align: top; text-align : left; background-color: #F7F7F7; border: 0px #F0F0F0 solid; padding:0px 4px 0px 4px" class="hierarchy">0..*</td><td style="vertical-align: top; text-align : left; background-color: #F7F7F7; border: 0px #F0F0F0 solid; padding:0px 4px 0px 4px" class="hierarchy"><a href="http://hl7.org/fhir/R4/datatypes.html#Address">Address</a></td><td style="vertical-align: top; text-align : left; background-color: #F7F7F7; border: 0px #F0F0F0 solid; padding:0px 4px 0px 4px" class="hierarchy">Patient Address<br/></td></tr>
<tr style="border: 0px #F0F0F0 solid; padding:0px; vertical-align: top; background-color: white"><td style="vertical-align: top; text-align : left; background-color: white; border: 0px #F0F0F0 solid; padding:0px 4px 0px 4px; white-space: nowrap; background-image: url(tbl_bck110.png)" class="hierarchy"><img src="tbl_spacer.png" alt="." style="background-color: inherit" class="hierarchy"/><img src="tbl_vline.png" alt="." style="background-color: inherit" class="hierarchy"/><img src="tbl_vjoin.png" alt="." style="background-color: inherit" class="hierarchy"/><img src="icon_primitive.png" alt="." style="background-color: white; background-color: inherit" title="Primitive Data Type" class="hierarchy"/> <a href="StructureDefinition-BwLabDataDictionary-definitions.html#EmrLisDataDictionary.Patient.birthDate" title="Patient Date of Birth">birthDate</a><a name="EmrLisDataDictionary.Patient.birthDate"> </a></td><td style="vertical-align: top; text-align : left; background-color: white; border: 0px #F0F0F0 solid; padding:0px 4px 0px 4px" class="hierarchy"/><td style="vertical-align: top; text-align : left; background-color: white; border: 0px #F0F0F0 solid; padding:0px 4px 0px 4px" class="hierarchy">0..1</td><td style="vertical-align: top; text-align : left; background-color: white; border: 0px #F0F0F0 solid; padding:0px 4px 0px 4px" class="hierarchy"><a href="http://hl7.org/fhir/R4/datatypes.html#date">date</a></td><td style="vertical-align: top; text-align : left; background-color: white; border: 0px #F0F0F0 solid; padding:0px 4px 0px 4px" class="hierarchy">Patient Date of Birth</td></tr>
<tr style="border: 0px #F0F0F0 solid; padding:0px; vertical-align: top; background-color: #F7F7F7"><td style="vertical-align: top; text-align : left; background-color: #F7F7F7; border: 0px #F0F0F0 solid; padding:0px 4px 0px 4px; white-space: nowrap; background-image: url(tbl_bck110.png)" class="hierarchy"><img src="tbl_spacer.png" alt="." style="background-color: inherit" class="hierarchy"/><img src="tbl_vline.png" alt="." style="background-color: inherit" class="hierarchy"/><img src="tbl_vjoin.png" alt="." style="background-color: inherit" class="hierarchy"/><img src="icon_datatype.gif" alt="." style="background-color: #F7F7F7; background-color: inherit" title="Data Type" class="hierarchy"/> <a href="StructureDefinition-BwLabDataDictionary-definitions.html#EmrLisDataDictionary.Patient.birthDateType" title="Type of Birth Date">birthDateType</a><a name="EmrLisDataDictionary.Patient.birthDateType"> </a></td><td style="vertical-align: top; text-align : left; background-color: #F7F7F7; border: 0px #F0F0F0 solid; padding:0px 4px 0px 4px" class="hierarchy"/><td style="vertical-align: top; text-align : left; background-color: #F7F7F7; border: 0px #F0F0F0 solid; padding:0px 4px 0px 4px" class="hierarchy">0..1</td><td style="vertical-align: top; text-align : left; background-color: #F7F7F7; border: 0px #F0F0F0 solid; padding:0px 4px 0px 4px" class="hierarchy"><a href="http://hl7.org/fhir/R4/datatypes.html#CodeableConcept">CodeableConcept</a></td><td style="vertical-align: top; text-align : left; background-color: #F7F7F7; border: 0px #F0F0F0 solid; padding:0px 4px 0px 4px" class="hierarchy">Birth Date Type<br/><span style="font-weight:bold">Binding: </span><a href="http://hl7.org/fhir/R4/terminologies.html#unbound">(unbound)</a> (<a href="http://hl7.org/fhir/R4/terminologies.html#extensible" title="To be conformant, the concept in this element SHALL be from the specified value set if any of the codes within the value set can apply to the concept being communicated.  If the value set does not cover the concept (based on human review), alternate codings (or, data type allowing, text) may be included instead.">extensible</a>)</td></tr>
<tr style="border: 0px #F0F0F0 solid; padding:0px; vertical-align: top; background-color: white"><td style="vertical-align: top; text-align : left; background-color: white; border: 0px #F0F0F0 solid; padding:0px 4px 0px 4px; white-space: nowrap; background-image: url(tbl_bck110.png)" class="hierarchy"><img src="tbl_spacer.png" alt="." style="background-color: inherit" class="hierarchy"/><img src="tbl_vline.png" alt="." style="background-color: inherit" class="hierarchy"/><img src="tbl_vjoin.png" alt="." style="background-color: inherit" class="hierarchy"/><img src="icon_datatype.gif" alt="." style="background-color: white; background-color: inherit" title="Data Type" class="hierarchy"/> <a href="StructureDefinition-BwLabDataDictionary-definitions.html#EmrLisDataDictionary.Patient.Contact" title="Patient Contact Information">Contact</a><a name="EmrLisDataDictionary.Patient.Contact"> </a></td><td style="vertical-align: top; text-align : left; background-color: white; border: 0px #F0F0F0 solid; padding:0px 4px 0px 4px" class="hierarchy"/><td style="vertical-align: top; text-align : left; background-color: white; border: 0px #F0F0F0 solid; padding:0px 4px 0px 4px" class="hierarchy">0..*</td><td style="vertical-align: top; text-align : left; background-color: white; border: 0px #F0F0F0 solid; padding:0px 4px 0px 4px" class="hierarchy"><a href="http://hl7.org/fhir/R4/datatypes.html#ContactPoint">ContactPoint</a></td><td style="vertical-align: top; text-align : left; background-color: white; border: 0px #F0F0F0 solid; padding:0px 4px 0px 4px" class="hierarchy">Patient Contact Information<br/></td></tr>
<tr style="border: 0px #F0F0F0 solid; padding:0px; vertical-align: top; background-color: #F7F7F7"><td style="vertical-align: top; text-align : left; background-color: #F7F7F7; border: 0px #F0F0F0 solid; padding:0px 4px 0px 4px; white-space: nowrap; background-image: url(tbl_bck110.png)" class="hierarchy"><img src="tbl_spacer.png" alt="." style="background-color: inherit" class="hierarchy"/><img src="tbl_vline.png" alt="." style="background-color: inherit" class="hierarchy"/><img src="tbl_vjoin.png" alt="." style="background-color: inherit" class="hierarchy"/><img src="icon_datatype.gif" alt="." style="background-color: #F7F7F7; background-color: inherit" title="Data Type" class="hierarchy"/> <a href="StructureDefinition-BwLabDataDictionary-definitions.html#EmrLisDataDictionary.Patient.Name" title="Patient Name">Name</a><a name="EmrLisDataDictionary.Patient.Name"> </a></td><td style="vertical-align: top; text-align : left; background-color: #F7F7F7; border: 0px #F0F0F0 solid; padding:0px 4px 0px 4px" class="hierarchy"/><td style="vertical-align: top; text-align : left; background-color: #F7F7F7; border: 0px #F0F0F0 solid; padding:0px 4px 0px 4px" class="hierarchy">0..*</td><td style="vertical-align: top; text-align : left; background-color: #F7F7F7; border: 0px #F0F0F0 solid; padding:0px 4px 0px 4px" class="hierarchy"><a href="http://hl7.org/fhir/R4/datatypes.html#HumanName">HumanName</a></td><td style="vertical-align: top; text-align : left; background-color: #F7F7F7; border: 0px #F0F0F0 solid; padding:0px 4px 0px 4px" class="hierarchy">Patient Name<br/></td></tr>
<tr style="border: 0px #F0F0F0 solid; padding:0px; vertical-align: top; background-color: white"><td style="vertical-align: top; text-align : left; background-color: white; border: 0px #F0F0F0 solid; padding:0px 4px 0px 4px; white-space: nowrap; background-image: url(tbl_bck100.png)" class="hierarchy"><img src="tbl_spacer.png" alt="." style="background-color: inherit" class="hierarchy"/><img src="tbl_vline.png" alt="." style="background-color: inherit" class="hierarchy"/><img src="tbl_vjoin_end.png" alt="." style="background-color: inherit" class="hierarchy"/><img src="icon_datatype.gif" alt="." style="background-color: white; background-color: inherit" title="Data Type" class="hierarchy"/> <a href="StructureDefinition-BwLabDataDictionary-definitions.html#EmrLisDataDictionary.Patient.GenderID" title="Gender">GenderID</a><a name="EmrLisDataDictionary.Patient.GenderID"> </a></td><td style="vertical-align: top; text-align : left; background-color: white; border: 0px #F0F0F0 solid; padding:0px 4px 0px 4px" class="hierarchy"/><td style="vertical-align: top; text-align : left; background-color: white; border: 0px #F0F0F0 solid; padding:0px 4px 0px 4px" class="hierarchy">0..1</td><td style="vertical-align: top; text-align : left; background-color: white; border: 0px #F0F0F0 solid; padding:0px 4px 0px 4px" class="hierarchy"><a href="http://hl7.org/fhir/R4/datatypes.html#CodeableConcept">CodeableConcept</a></td><td style="vertical-align: top; text-align : left; background-color: white; border: 0px #F0F0F0 solid; padding:0px 4px 0px 4px" class="hierarchy">Gender<br/><span style="font-weight:bold">Binding: </span><a href="http://hl7.org/fhir/R4/terminologies.html#unbound">(unbound)</a> (<a href="http://hl7.org/fhir/R4/terminologies.html#extensible" title="To be conformant, the concept in this element SHALL be from the specified value set if any of the codes within the value set can apply to the concept being communicated.  If the value set does not cover the concept (based on human review), alternate codings (or, data type allowing, text) may be included instead.">extensible</a>)</td></tr>
<tr style="border: 0px #F0F0F0 solid; padding:0px; vertical-align: top; background-color: #F7F7F7"><td style="vertical-align: top; text-align : left; background-color: #F7F7F7; border: 0px #F0F0F0 solid; padding:0px 4px 0px 4px; white-space: nowrap; background-image: url(tbl_bck11.png)" class="hierarchy"><img src="tbl_spacer.png" alt="." style="background-color: inherit" class="hierarchy"/><img src="tbl_vjoin.png" alt="." style="background-color: inherit" class="hierarchy"/><img src="icon_datatype.gif" alt="." style="background-color: #F7F7F7; background-color: inherit" title="Data Type" class="hierarchy"/> <a href="StructureDefinition-BwLabDataDictionary-definitions.html#EmrLisDataDictionary.LabOrder" title="Logical model of EMR-LIS LabOrder">LabOrder</a><a name="EmrLisDataDictionary.LabOrder"> </a></td><td style="vertical-align: top; text-align : left; background-color: #F7F7F7; border: 0px #F0F0F0 solid; padding:0px 4px 0px 4px" class="hierarchy"/><td style="vertical-align: top; text-align : left; background-color: #F7F7F7; border: 0px #F0F0F0 solid; padding:0px 4px 0px 4px" class="hierarchy">0..1</td><td style="vertical-align: top; text-align : left; background-color: #F7F7F7; border: 0px #F0F0F0 solid; padding:0px 4px 0px 4px" class="hierarchy"><a href="http://hl7.org/fhir/R4/datatypes.html#BackboneElement">BackboneElement</a></td><td style="vertical-align: top; text-align : left; background-color: #F7F7F7; border: 0px #F0F0F0 solid; padding:0px 4px 0px 4px" class="hierarchy">EMR-LIS Lab Order Logical Model</td></tr>
<tr style="border: 0px #F0F0F0 solid; padding:0px; vertical-align: top; background-color: white"><td style="vertical-align: top; text-align : left; background-color: white; border: 0px #F0F0F0 solid; padding:0px 4px 0px 4px; white-space: nowrap; background-image: url(tbl_bck110.png)" class="hierarchy"><img src="tbl_spacer.png" alt="." style="background-color: inherit" class="hierarchy"/><img src="tbl_vline.png" alt="." style="background-color: inherit" class="hierarchy"/><img src="tbl_vjoin.png" alt="." style="background-color: inherit" class="hierarchy"/><img src="icon_reference.png" alt="." style="background-color: white; background-color: inherit" title="Reference to another Resource" class="hierarchy"/> <a href="StructureDefinition-BwLabDataDictionary-definitions.html#EmrLisDataDictionary.LabOrder.Patient" title="The subject of the lab order">Patient</a><a name="EmrLisDataDictionary.LabOrder.Patient"> </a></td><td style="vertical-align: top; text-align : left; background-color: white; border: 0px #F0F0F0 solid; padding:0px 4px 0px 4px" class="hierarchy"/><td style="vertical-align: top; text-align : left; background-color: white; border: 0px #F0F0F0 solid; padding:0px 4px 0px 4px" class="hierarchy">1..1</td><td style="vertical-align: top; text-align : left; background-color: white; border: 0px #F0F0F0 solid; padding:0px 4px 0px 4px" class="hierarchy"><a href="http://hl7.org/fhir/R4/references.html">Reference</a>()</td><td style="vertical-align: top; text-align : left; background-color: white; border: 0px #F0F0F0 solid; padding:0px 4px 0px 4px" class="hierarchy">Lab Order Patient</td></tr>
<tr style="border: 0px #F0F0F0 solid; padding:0px; vertical-align: top; background-color: #F7F7F7"><td style="vertical-align: top; text-align : left; background-color: #F7F7F7; border: 0px #F0F0F0 solid; padding:0px 4px 0px 4px; white-space: nowrap; background-image: url(tbl_bck110.png)" class="hierarchy"><img src="tbl_spacer.png" alt="." style="background-color: inherit" class="hierarchy"/><img src="tbl_vline.png" alt="." style="background-color: inherit" class="hierarchy"/><img src="tbl_vjoin.png" alt="." style="background-color: inherit" class="hierarchy"/><img src="icon_reference.png" alt="." style="background-color: #F7F7F7; background-color: inherit" title="Reference to another Resource" class="hierarchy"/> <a href="StructureDefinition-BwLabDataDictionary-definitions.html#EmrLisDataDictionary.LabOrder.Requester" title="The requester of the lab order">Requester</a><a name="EmrLisDataDictionary.LabOrder.Requester"> </a></td><td style="vertical-align: top; text-align : left; background-color: #F7F7F7; border: 0px #F0F0F0 solid; padding:0px 4px 0px 4px" class="hierarchy"/><td style="vertical-align: top; text-align : left; background-color: #F7F7F7; border: 0px #F0F0F0 solid; padding:0px 4px 0px 4px" class="hierarchy">0..1</td><td style="vertical-align: top; text-align : left; background-color: #F7F7F7; border: 0px #F0F0F0 solid; padding:0px 4px 0px 4px" class="hierarchy"><a href="http://hl7.org/fhir/R4/references.html">Reference</a>()</td><td style="vertical-align: top; text-align : left; background-color: #F7F7F7; border: 0px #F0F0F0 solid; padding:0px 4px 0px 4px" class="hierarchy">Lab Order Requester</td></tr>
<tr style="border: 0px #F0F0F0 solid; padding:0px; vertical-align: top; background-color: white"><td style="vertical-align: top; text-align : left; background-color: white; border: 0px #F0F0F0 solid; padding:0px 4px 0px 4px; white-space: nowrap; background-image: url(tbl_bck110.png)" class="hierarchy"><img src="tbl_spacer.png" alt="." style="background-color: inherit" class="hierarchy"/><img src="tbl_vline.png" alt="." style="background-color: inherit" class="hierarchy"/><img src="tbl_vjoin.png" alt="." style="background-color: inherit" class="hierarchy"/><img src="icon_primitive.png" alt="." style="background-color: white; background-color: inherit" title="Primitive Data Type" class="hierarchy"/> <a href="StructureDefinition-BwLabDataDictionary-definitions.html#EmrLisDataDictionary.LabOrder.OrderDate" title="Date Lab Order was authored on">OrderDate</a><a name="EmrLisDataDictionary.LabOrder.OrderDate"> </a></td><td style="vertical-align: top; text-align : left; background-color: white; border: 0px #F0F0F0 solid; padding:0px 4px 0px 4px" class="hierarchy"/><td style="vertical-align: top; text-align : left; background-color: white; border: 0px #F0F0F0 solid; padding:0px 4px 0px 4px" class="hierarchy">1..1</td><td style="vertical-align: top; text-align : left; background-color: white; border: 0px #F0F0F0 solid; padding:0px 4px 0px 4px" class="hierarchy"><a href="http://hl7.org/fhir/R4/datatypes.html#date">date</a></td><td style="vertical-align: top; text-align : left; background-color: white; border: 0px #F0F0F0 solid; padding:0px 4px 0px 4px" class="hierarchy">Lab Order Date</td></tr>
<tr style="border: 0px #F0F0F0 solid; padding:0px; vertical-align: top; background-color: #F7F7F7"><td style="vertical-align: top; text-align : left; background-color: #F7F7F7; border: 0px #F0F0F0 solid; padding:0px 4px 0px 4px; white-space: nowrap; background-image: url(tbl_bck110.png)" class="hierarchy"><img src="tbl_spacer.png" alt="." style="background-color: inherit" class="hierarchy"/><img src="tbl_vline.png" alt="." style="background-color: inherit" class="hierarchy"/><img src="tbl_vjoin.png" alt="." style="background-color: inherit" class="hierarchy"/><img src="icon_primitive.png" alt="." style="background-color: #F7F7F7; background-color: inherit" title="Primitive Data Type" class="hierarchy"/> <a href="StructureDefinition-BwLabDataDictionary-definitions.html#EmrLisDataDictionary.LabOrder.SampleDate" title="Date sample collection is scheduled for.">SampleDate</a><a name="EmrLisDataDictionary.LabOrder.SampleDate"> </a></td><td style="vertical-align: top; text-align : left; background-color: #F7F7F7; border: 0px #F0F0F0 solid; padding:0px 4px 0px 4px" class="hierarchy"/><td style="vertical-align: top; text-align : left; background-color: #F7F7F7; border: 0px #F0F0F0 solid; padding:0px 4px 0px 4px" class="hierarchy">1..1</td><td style="vertical-align: top; text-align : left; background-color: #F7F7F7; border: 0px #F0F0F0 solid; padding:0px 4px 0px 4px" class="hierarchy"><a href="http://hl7.org/fhir/R4/datatypes.html#date">date</a></td><td style="vertical-align: top; text-align : left; background-color: #F7F7F7; border: 0px #F0F0F0 solid; padding:0px 4px 0px 4px" class="hierarchy">Scheduled Sample Date</td></tr>
<tr style="border: 0px #F0F0F0 solid; padding:0px; vertical-align: top; background-color: white"><td style="vertical-align: top; text-align : left; background-color: white; border: 0px #F0F0F0 solid; padding:0px 4px 0px 4px; white-space: nowrap; background-image: url(tbl_bck110.png)" class="hierarchy"><img src="tbl_spacer.png" alt="." style="background-color: inherit" class="hierarchy"/><img src="tbl_vline.png" alt="." style="background-color: inherit" class="hierarchy"/><img src="tbl_vjoin.png" alt="." style="background-color: inherit" class="hierarchy"/><img src="icon_reference.png" alt="." style="background-color: white; background-color: inherit" title="Reference to another Resource" class="hierarchy"/> <a href="StructureDefinition-BwLabDataDictionary-definitions.html#EmrLisDataDictionary.LabOrder.RequestingFacility" title="Requesting Facility">RequestingFacility</a><a name="EmrLisDataDictionary.LabOrder.RequestingFacility"> </a></td><td style="vertical-align: top; text-align : left; background-color: white; border: 0px #F0F0F0 solid; padding:0px 4px 0px 4px" class="hierarchy"/><td style="vertical-align: top; text-align : left; background-color: white; border: 0px #F0F0F0 solid; padding:0px 4px 0px 4px" class="hierarchy">1..1</td><td style="vertical-align: top; text-align : left; background-color: white; border: 0px #F0F0F0 solid; padding:0px 4px 0px 4px" class="hierarchy"><a href="http://hl7.org/fhir/R4/references.html">Reference</a>()</td><td style="vertical-align: top; text-align : left; background-color: white; border: 0px #F0F0F0 solid; padding:0px 4px 0px 4px" class="hierarchy">Requesting Facility</td></tr>
<tr style="border: 0px #F0F0F0 solid; padding:0px; vertical-align: top; background-color: #F7F7F7"><td style="vertical-align: top; text-align : left; background-color: #F7F7F7; border: 0px #F0F0F0 solid; padding:0px 4px 0px 4px; white-space: nowrap; background-image: url(tbl_bck110.png)" class="hierarchy"><img src="tbl_spacer.png" alt="." style="background-color: inherit" class="hierarchy"/><img src="tbl_vline.png" alt="." style="background-color: inherit" class="hierarchy"/><img src="tbl_vjoin.png" alt="." style="background-color: inherit" class="hierarchy"/><img src="icon_datatype.gif" alt="." style="background-color: #F7F7F7; background-color: inherit" title="Data Type" class="hierarchy"/> <a href="StructureDefinition-BwLabDataDictionary-definitions.html#EmrLisDataDictionary.LabOrder.OrderNumber" title="National Order Identifier">OrderNumber</a><a name="EmrLisDataDictionary.LabOrder.OrderNumber"> </a></td><td style="vertical-align: top; text-align : left; background-color: #F7F7F7; border: 0px #F0F0F0 solid; padding:0px 4px 0px 4px" class="hierarchy"/><td style="vertical-align: top; text-align : left; background-color: #F7F7F7; border: 0px #F0F0F0 solid; padding:0px 4px 0px 4px" class="hierarchy">1..1</td><td style="vertical-align: top; text-align : left; background-color: #F7F7F7; border: 0px #F0F0F0 solid; padding:0px 4px 0px 4px" class="hierarchy"><a href="http://hl7.org/fhir/R4/datatypes.html#Identifier">Identifier</a></td><td style="vertical-align: top; text-align : left; background-color: #F7F7F7; border: 0px #F0F0F0 solid; padding:0px 4px 0px 4px" class="hierarchy">National Order Identifier</td></tr>
<tr style="border: 0px #F0F0F0 solid; padding:0px; vertical-align: top; background-color: white"><td style="vertical-align: top; text-align : left; background-color: white; border: 0px #F0F0F0 solid; padding:0px 4px 0px 4px; white-space: nowrap; background-image: url(tbl_bck110.png)" class="hierarchy"><img src="tbl_spacer.png" alt="." style="background-color: inherit" class="hierarchy"/><img src="tbl_vline.png" alt="." style="background-color: inherit" class="hierarchy"/><img src="tbl_vjoin.png" alt="." style="background-color: inherit" class="hierarchy"/><img src="icon_reference.png" alt="." style="background-color: white; background-color: inherit" title="Reference to another Resource" class="hierarchy"/> <a href="StructureDefinition-BwLabDataDictionary-definitions.html#EmrLisDataDictionary.LabOrder.Profile" title="Reference to Order Profile for Lab Order">Profile</a><a name="EmrLisDataDictionary.LabOrder.Profile"> </a></td><td style="vertical-align: top; text-align : left; background-color: white; border: 0px #F0F0F0 solid; padding:0px 4px 0px 4px" class="hierarchy"/><td style="vertical-align: top; text-align : left; background-color: white; border: 0px #F0F0F0 solid; padding:0px 4px 0px 4px" class="hierarchy">1..*</td><td style="vertical-align: top; text-align : left; background-color: white; border: 0px #F0F0F0 solid; padding:0px 4px 0px 4px" class="hierarchy"><a href="http://hl7.org/fhir/R4/references.html">Reference</a>()</td><td style="vertical-align: top; text-align : left; background-color: white; border: 0px #F0F0F0 solid; padding:0px 4px 0px 4px" class="hierarchy">Order Profile for Lab Order<br/></td></tr>
<tr style="border: 0px #F0F0F0 solid; padding:0px; vertical-align: top; background-color: #F7F7F7"><td style="vertical-align: top; text-align : left; background-color: #F7F7F7; border: 0px #F0F0F0 solid; padding:0px 4px 0px 4px; white-space: nowrap; background-image: url(tbl_bck100.png)" class="hierarchy"><img src="tbl_spacer.png" alt="." style="background-color: inherit" class="hierarchy"/><img src="tbl_vline.png" alt="." style="background-color: inherit" class="hierarchy"/><img src="tbl_vjoin_end.png" alt="." style="background-color: inherit" class="hierarchy"/><img src="icon_reference.png" alt="." style="background-color: #F7F7F7; background-color: inherit" title="Reference to another Resource" class="hierarchy"/> <a href="StructureDefinition-BwLabDataDictionary-definitions.html#EmrLisDataDictionary.LabOrder.Result" title="Lab Order Result">Result</a><a name="EmrLisDataDictionary.LabOrder.Result"> </a></td><td style="vertical-align: top; text-align : left; background-color: #F7F7F7; border: 0px #F0F0F0 solid; padding:0px 4px 0px 4px" class="hierarchy"/><td style="vertical-align: top; text-align : left; background-color: #F7F7F7; border: 0px #F0F0F0 solid; padding:0px 4px 0px 4px" class="hierarchy">0..*</td><td style="vertical-align: top; text-align : left; background-color: #F7F7F7; border: 0px #F0F0F0 solid; padding:0px 4px 0px 4px" class="hierarchy"><a href="http://hl7.org/fhir/R4/references.html">Reference</a>()</td><td style="vertical-align: top; text-align : left; background-color: #F7F7F7; border: 0px #F0F0F0 solid; padding:0px 4px 0px 4px" class="hierarchy">Lab Order Result<br/></td></tr>
<tr style="border: 0px #F0F0F0 solid; padding:0px; vertical-align: top; background-color: white"><td style="vertical-align: top; text-align : left; background-color: white; border: 0px #F0F0F0 solid; padding:0px 4px 0px 4px; white-space: nowrap; background-image: url(tbl_bck11.png)" class="hierarchy"><img src="tbl_spacer.png" alt="." style="background-color: inherit" class="hierarchy"/><img src="tbl_vjoin.png" alt="." style="background-color: inherit" class="hierarchy"/><img src="icon_datatype.gif" alt="." style="background-color: white; background-color: inherit" title="Data Type" class="hierarchy"/> <a href="StructureDefinition-BwLabDataDictionary-definitions.html#EmrLisDataDictionary.Profile" title="Ordering Profile for Lab Orders">Profile</a><a name="EmrLisDataDictionary.Profile"> </a></td><td style="vertical-align: top; text-align : left; background-color: white; border: 0px #F0F0F0 solid; padding:0px 4px 0px 4px" class="hierarchy"/><td style="vertical-align: top; text-align : left; background-color: white; border: 0px #F0F0F0 solid; padding:0px 4px 0px 4px" class="hierarchy">0..*</td><td style="vertical-align: top; text-align : left; background-color: white; border: 0px #F0F0F0 solid; padding:0px 4px 0px 4px" class="hierarchy"><a href="http://hl7.org/fhir/R4/datatypes.html#BackboneElement">BackboneElement</a></td><td style="vertical-align: top; text-align : left; background-color: white; border: 0px #F0F0F0 solid; padding:0px 4px 0px 4px" class="hierarchy">Ordering Profile for Lab Orders<br/></td></tr>
<tr style="border: 0px #F0F0F0 solid; padding:0px; vertical-align: top; background-color: #F7F7F7"><td style="vertical-align: top; text-align : left; background-color: #F7F7F7; border: 0px #F0F0F0 solid; padding:0px 4px 0px 4px; white-space: nowrap; background-image: url(tbl_bck100.png)" class="hierarchy"><img src="tbl_spacer.png" alt="." style="background-color: inherit" class="hierarchy"/><img src="tbl_vline.png" alt="." style="background-color: inherit" class="hierarchy"/><img src="tbl_vjoin_end.png" alt="." style="background-color: inherit" class="hierarchy"/><img src="icon_reference.png" alt="." style="background-color: #F7F7F7; background-color: inherit" title="Reference to another Resource" class="hierarchy"/> <a href="StructureDefinition-BwLabDataDictionary-definitions.html#EmrLisDataDictionary.Profile.LabTest" title="Reference to Lab Test">LabTest</a><a name="EmrLisDataDictionary.Profile.LabTest"> </a></td><td style="vertical-align: top; text-align : left; background-color: #F7F7F7; border: 0px #F0F0F0 solid; padding:0px 4px 0px 4px" class="hierarchy"/><td style="vertical-align: top; text-align : left; background-color: #F7F7F7; border: 0px #F0F0F0 solid; padding:0px 4px 0px 4px" class="hierarchy">1..*</td><td style="vertical-align: top; text-align : left; background-color: #F7F7F7; border: 0px #F0F0F0 solid; padding:0px 4px 0px 4px" class="hierarchy"><a href="http://hl7.org/fhir/R4/references.html">Reference</a>()</td><td style="vertical-align: top; text-align : left; background-color: #F7F7F7; border: 0px #F0F0F0 solid; padding:0px 4px 0px 4px" class="hierarchy">Reference to Lab Test<br/></td></tr>
<tr style="border: 0px #F0F0F0 solid; padding:0px; vertical-align: top; background-color: white"><td style="vertical-align: top; text-align : left; background-color: white; border: 0px #F0F0F0 solid; padding:0px 4px 0px 4px; white-space: nowrap; background-image: url(tbl_bck01.png)" class="hierarchy"><img src="tbl_spacer.png" alt="." style="background-color: inherit" class="hierarchy"/><img src="tbl_vjoin_end.png" alt="." style="background-color: inherit" class="hierarchy"/><img src="icon_datatype.gif" alt="." style="background-color: white; background-color: inherit" title="Data Type" class="hierarchy"/> <a href="StructureDefinition-BwLabDataDictionary-definitions.html#EmrLisDataDictionary.Result" title="Result for Lab Orders">Result</a><a name="EmrLisDataDictionary.Result"> </a></td><td style="vertical-align: top; text-align : left; background-color: white; border: 0px #F0F0F0 solid; padding:0px 4px 0px 4px" class="hierarchy"/><td style="vertical-align: top; text-align : left; background-color: white; border: 0px #F0F0F0 solid; padding:0px 4px 0px 4px" class="hierarchy">0..*</td><td style="vertical-align: top; text-align : left; background-color: white; border: 0px #F0F0F0 solid; padding:0px 4px 0px 4px" class="hierarchy"><a href="http://hl7.org/fhir/R4/datatypes.html#BackboneElement">BackboneElement</a></td><td style="vertical-align: top; text-align : left; background-color: white; border: 0px #F0F0F0 solid; padding:0px 4px 0px 4px" class="hierarchy">Result for Lab Orders<br/></td></tr>
<tr style="border: 0px #F0F0F0 solid; padding:0px; vertical-align: top; background-color: #F7F7F7"><td style="vertical-align: top; text-align : left; background-color: #F7F7F7; border: 0px #F0F0F0 solid; padding:0px 4px 0px 4px; white-space: nowrap; background-image: url(tbl_bck010.png)" class="hierarchy"><img src="tbl_spacer.png" alt="." style="background-color: inherit" class="hierarchy"/><img src="tbl_blank.png" alt="." style="background-color: inherit" class="hierarchy"/><img src="tbl_vjoin.png" alt="." style="background-color: inherit" class="hierarchy"/><img src="icon_reference.png" alt="." style="background-color: #F7F7F7; background-color: inherit" title="Reference to another Resource" class="hierarchy"/> <a href="StructureDefinition-BwLabDataDictionary-definitions.html#EmrLisDataDictionary.Result.LabTest" title="Lab Test for Result">LabTest</a><a name="EmrLisDataDictionary.Result.LabTest"> </a></td><td style="vertical-align: top; text-align : left; background-color: #F7F7F7; border: 0px #F0F0F0 solid; padding:0px 4px 0px 4px" class="hierarchy"/><td style="vertical-align: top; text-align : left; background-color: #F7F7F7; border: 0px #F0F0F0 solid; padding:0px 4px 0px 4px" class="hierarchy">0..1</td><td style="vertical-align: top; text-align : left; background-color: #F7F7F7; border: 0px #F0F0F0 solid; padding:0px 4px 0px 4px" class="hierarchy"><a href="http://hl7.org/fhir/R4/references.html">Reference</a>()</td><td style="vertical-align: top; text-align : left; background-color: #F7F7F7; border: 0px #F0F0F0 solid; padding:0px 4px 0px 4px" class="hierarchy">Lab Test for Result</td></tr>
<tr style="border: 0px #F0F0F0 solid; padding:0px; vertical-align: top; background-color: white"><td style="vertical-align: top; text-align : left; background-color: white; border: 0px #F0F0F0 solid; padding:0px 4px 0px 4px; white-space: nowrap; background-image: url(tbl_bck010.png)" class="hierarchy"><img src="tbl_spacer.png" alt="." style="background-color: inherit" class="hierarchy"/><img src="tbl_blank.png" alt="." style="background-color: inherit" class="hierarchy"/><img src="tbl_vjoin.png" alt="." style="background-color: inherit" class="hierarchy"/><img src="icon_datatype.gif" alt="." style="background-color: white; background-color: inherit" title="Data Type" class="hierarchy"/> <a href="StructureDefinition-BwLabDataDictionary-definitions.html#EmrLisDataDictionary.Result.Value" title="Value for Result">Value</a><a name="EmrLisDataDictionary.Result.Value"> </a></td><td style="vertical-align: top; text-align : left; background-color: white; border: 0px #F0F0F0 solid; padding:0px 4px 0px 4px" class="hierarchy"/><td style="vertical-align: top; text-align : left; background-color: white; border: 0px #F0F0F0 solid; padding:0px 4px 0px 4px" class="hierarchy">1..1</td><td style="vertical-align: top; text-align : left; background-color: white; border: 0px #F0F0F0 solid; padding:0px 4px 0px 4px" class="hierarchy"><a href="http://hl7.org/fhir/R4/datatypes.html#BackboneElement">BackboneElement</a></td><td style="vertical-align: top; text-align : left; background-color: white; border: 0px #F0F0F0 solid; padding:0px 4px 0px 4px" class="hierarchy">Value for Result</td></tr>
<tr style="border: 0px #F0F0F0 solid; padding:0px; vertical-align: top; background-color: #F7F7F7"><td style="vertical-align: top; text-align : left; background-color: #F7F7F7; border: 0px #F0F0F0 solid; padding:0px 4px 0px 4px; white-space: nowrap; background-image: url(tbl_bck010.png)" class="hierarchy"><img src="tbl_spacer.png" alt="." style="background-color: inherit" class="hierarchy"/><img src="tbl_blank.png" alt="." style="background-color: inherit" class="hierarchy"/><img src="tbl_vjoin.png" alt="." style="background-color: inherit" class="hierarchy"/><img src="icon_datatype.gif" alt="." style="background-color: #F7F7F7; background-color: inherit" title="Data Type" class="hierarchy"/> <a href="StructureDefinition-BwLabDataDictionary-definitions.html#EmrLisDataDictionary.Result.ValueType" title="Type of Value for Result">ValueType</a><a name="EmrLisDataDictionary.Result.ValueType"> </a></td><td style="vertical-align: top; text-align : left; background-color: #F7F7F7; border: 0px #F0F0F0 solid; padding:0px 4px 0px 4px" class="hierarchy"/><td style="vertical-align: top; text-align : left; background-color: #F7F7F7; border: 0px #F0F0F0 solid; padding:0px 4px 0px 4px" class="hierarchy">1..1</td><td style="vertical-align: top; text-align : left; background-color: #F7F7F7; border: 0px #F0F0F0 solid; padding:0px 4px 0px 4px" class="hierarchy"><a href="http://hl7.org/fhir/R4/datatypes.html#CodeableConcept">CodeableConcept</a></td><td style="vertical-align: top; text-align : left; background-color: #F7F7F7; border: 0px #F0F0F0 solid; padding:0px 4px 0px 4px" class="hierarchy">Type of Value for Result</td></tr>
<tr style="border: 0px #F0F0F0 solid; padding:0px; vertical-align: top; background-color: white"><td style="vertical-align: top; text-align : left; background-color: white; border: 0px #F0F0F0 solid; padding:0px 4px 0px 4px; white-space: nowrap; background-image: url(tbl_bck000.png)" class="hierarchy"><img src="tbl_spacer.png" alt="." style="background-color: inherit" class="hierarchy"/><img src="tbl_blank.png" alt="." style="background-color: inherit" class="hierarchy"/><img src="tbl_vjoin_end.png" alt="." style="background-color: inherit" class="hierarchy"/><img src="icon_primitive.png" alt="." style="background-color: white; background-color: inherit" title="Primitive Data Type" class="hierarchy"/> <a href="StructureDefinition-BwLabDataDictionary-definitions.html#EmrLisDataDictionary.Result.Unit" title="Unit for Result">Unit</a><a name="EmrLisDataDictionary.Result.Unit"> </a></td><td style="vertical-align: top; text-align : left; background-color: white; border: 0px #F0F0F0 solid; padding:0px 4px 0px 4px" class="hierarchy"/><td style="vertical-align: top; text-align : left; background-color: white; border: 0px #F0F0F0 solid; padding:0px 4px 0px 4px" class="hierarchy">0..1</td><td style="vertical-align: top; text-align : left; background-color: white; border: 0px #F0F0F0 solid; padding:0px 4px 0px 4px" class="hierarchy"><a href="http://hl7.org/fhir/R4/datatypes.html#string">string</a></td><td style="vertical-align: top; text-align : left; background-color: white; border: 0px #F0F0F0 solid; padding:0px 4px 0px 4px" class="hierarchy">Unit for Result</td></tr>
<tr><td colspan="5" class="hierarchy"><br/><a href="http://hl7.org/fhir/R4/formats.html#table" title="Legend for this format"><img src="http://hl7.org/fhir/R4/help16.png" alt="doco" style="background-color: inherit"/> Documentation for this format</a></td></tr></table></div>
  </text>
  <url value="http://b-techbw.github.io//StructureDefinition/BwLabDataDictionary"/>
  <version value="0.2.0"/>
  <name value="BwLabDataDictionary"/>
  <status value="draft"/>
  <experimental value="true"/>
  <date value="2021-06-04T21:38:11+00:00"/>
  <publisher value="B-TECHBW"/>
  <contact>
    <name value="B-TECHBW"/>
    <telecom>
      <system value="url"/>
      <value value="www.github.com/b-techbw"/>
    </telecom>
    <telecom>
      <system value="email"/>
      <value value="pmanko@uw.edu"/>
    </telecom>
  </contact>
  <jurisdiction>
    <coding>
      <system value="http://unstats.un.org/unsd/methods/m49/m49.htm"/>
      <code value="072"/>
    </coding>
  </jurisdiction>
  <jurisdiction>
    <coding>
      <system value="urn:iso:std:iso:3166"/>
      <code value="BW"/>
    </coding>
  </jurisdiction>
  <fhirVersion value="4.0.1"/>
  <mapping>
    <identity value="PIMS"/>
    <name value="PIMS 2 V4"/>
  </mapping>
  <mapping>
    <identity value="FHIR-R4"/>
    <name value="FHIR Release 4"/>
  </mapping>
  <mapping>
    <identity value="rim"/>
    <uri value="http://hl7.org/v3"/>
    <name value="RIM Mapping"/>
  </mapping>
  <kind value="logical"/>
  <abstract value="false"/>
  <type value="EmrLisDataDictionary"/>
  <baseDefinition value="http://hl7.org/fhir/StructureDefinition/Element"/>
  <derivation value="specialization"/>
  <snapshot>
    <element id="EmrLisDataDictionary">
      <path value="EmrLisDataDictionary"/>
      <short value="Base for all elements"/>
      <definition value="EmrLisDataDictionary"/>
      <min value="0"/>
      <max value="*"/>
      <base>
        <path value="Element"/>
        <min value="0"/>
        <max value="*"/>
      </base>
      <condition value="ele-1"/>
      <constraint>
        <key value="ele-1"/>
        <severity value="error"/>
        <human value="All FHIR elements must have a @value or children"/>
        <expression value="hasValue() or (children().count() &gt; id.count())"/>
        <xpath value="@value|f:*|h:div"/>
        <source value="http://hl7.org/fhir/StructureDefinition/Element"/>
      </constraint>
      <isModifier value="false"/>
      <mapping>
        <identity value="rim"/>
        <map value="n/a"/>
      </mapping>
      <mapping>
        <identity value="PIMS"/>
      </mapping>
      <mapping>
        <identity value="FHIR-R4"/>
      </mapping>
    </element>
    <element id="EmrLisDataDictionary.id">
      <path value="EmrLisDataDictionary.id"/>
      <representation value="xmlAttr"/>
      <short value="Unique id for inter-element referencing"/>
      <definition value="Unique id for the element within a resource (for internal references). This may be any string value that does not contain spaces."/>
      <min value="0"/>
      <max value="1"/>
      <base>
        <path value="Element.id"/>
        <min value="0"/>
        <max value="1"/>
      </base>
      <type>
        <extension url="http://hl7.org/fhir/StructureDefinition/structuredefinition-fhir-type">
          <valueUrl value="string"/>
        </extension>
        <code value="http://hl7.org/fhirpath/System.String"/>
      </type>
      <isModifier value="false"/>
      <isSummary value="false"/>
      <mapping>
        <identity value="rim"/>
        <map value="n/a"/>
      </mapping>
    </element>
    <element id="EmrLisDataDictionary.extension">
      <path value="EmrLisDataDictionary.extension"/>
      <slicing>
        <discriminator>
          <type value="value"/>
          <path value="url"/>
        </discriminator>
        <description value="Extensions are always sliced by (at least) url"/>
        <rules value="open"/>
      </slicing>
      <short value="Additional content defined by implementations"/>
      <definition value="May be used to represent additional information that is not part of the basic definition of the element. To make the use of extensions safe and manageable, there is a strict set of governance  applied to the definition and use of extensions. Though any implementer can define an extension, there is a set of requirements that SHALL be met as part of the definition of the extension."/>
      <comment value="There can be no stigma associated with the use of extensions by any application, project, or standard - regardless of the institution or jurisdiction that uses or defines the extensions.  The use of extensions is what allows the FHIR specification to retain a core level of simplicity for everyone."/>
      <alias value="extensions"/>
      <alias value="user content"/>
      <min value="0"/>
      <max value="*"/>
      <base>
        <path value="Element.extension"/>
        <min value="0"/>
        <max value="*"/>
      </base>
      <type>
        <code value="Extension"/>
      </type>
      <constraint>
        <key value="ele-1"/>
        <severity value="error"/>
        <human value="All FHIR elements must have a @value or children"/>
        <expression value="hasValue() or (children().count() &gt; id.count())"/>
        <xpath value="@value|f:*|h:div"/>
        <source value="http://hl7.org/fhir/StructureDefinition/Element"/>
      </constraint>
      <constraint>
        <key value="ext-1"/>
        <severity value="error"/>
        <human value="Must have either extensions or value[x], not both"/>
        <expression value="extension.exists() != value.exists()"/>
        <xpath value="exists(f:extension)!=exists(f:*[starts-with(local-name(.), &quot;value&quot;)])"/>
        <source value="http://hl7.org/fhir/StructureDefinition/Extension"/>
      </constraint>
      <isModifier value="false"/>
      <isSummary value="false"/>
      <mapping>
        <identity value="rim"/>
        <map value="n/a"/>
      </mapping>
    </element>
    <element id="EmrLisDataDictionary.Patient">
      <path value="EmrLisDataDictionary.Patient"/>
      <short value="EMR-LIS Patient Logical Model"/>
      <definition value="Logical model of EMR-LIS Patient"/>
      <min value="0"/>
      <max value="1"/>
      <base>
        <path value="EmrLisDataDictionary.Patient"/>
        <min value="0"/>
        <max value="1"/>
      </base>
      <type>
        <code value="BackboneElement"/>
      </type>
      <mapping>
        <identity value="PIMS"/>
        <map value="Patient.tblPatient"/>
      </mapping>
      <mapping>
        <identity value="FHIR-R4"/>
        <map value="Patient"/>
      </mapping>
    </element>
    <element id="EmrLisDataDictionary.Patient.NationalID">
      <path value="EmrLisDataDictionary.Patient.NationalID"/>
      <short value="National Patient Identification Number"/>
      <definition value="Main national-level identification number (Omang or Passport)"/>
      <min value="0"/>
      <max value="1"/>
      <base>
        <path value="EmrLisDataDictionary.Patient.NationalID"/>
        <min value="0"/>
        <max value="1"/>
      </base>
      <type>
        <code value="Identifier"/>
      </type>
      <mapping>
        <identity value="PIMS"/>
        <map value="Patient.tblPatient.IDNo; Patient.tblPatient.IDNoType"/>
      </mapping>
      <mapping>
        <identity value="FHIR-R4"/>
        <map value="Patient.identifier"/>
      </mapping>
    </element>
    <element id="EmrLisDataDictionary.Patient.Active">
      <path value="EmrLisDataDictionary.Patient.Active"/>
      <short value="Patient Active Flag"/>
      <definition value="Flag for distinguishing between active and not active Patients"/>
      <min value="0"/>
      <max value="1"/>
      <base>
        <path value="EmrLisDataDictionary.Patient.Active"/>
        <min value="0"/>
        <max value="1"/>
      </base>
      <type>
        <code value="CodeableConcept"/>
      </type>
      <binding>
        <strength value="extensible"/>
      </binding>
      <mapping>
        <identity value="PIMS"/>
        <map value="TODO"/>
      </mapping>
      <mapping>
        <identity value="FHIR-R4"/>
        <map value="Patient.active"/>
      </mapping>
    </element>
    <element id="EmrLisDataDictionary.Patient.MaritalStatus">
      <path value="EmrLisDataDictionary.Patient.MaritalStatus"/>
      <short value="Marital Status"/>
      <definition value="Marital Status"/>
      <min value="0"/>
      <max value="*"/>
      <base>
        <path value="EmrLisDataDictionary.Patient.MaritalStatus"/>
        <min value="0"/>
        <max value="*"/>
      </base>
      <type>
        <code value="CodeableConcept"/>
      </type>
      <binding>
        <strength value="extensible"/>
      </binding>
      <mapping>
        <identity value="PIMS"/>
        <map value="Patient.tblPatient.MartitalStatusID; Patient.tblkMaritalStatus"/>
      </mapping>
      <mapping>
        <identity value="FHIR-R4"/>
        <map value="Patient.maritalStatus"/>
      </mapping>
    </element>
    <element id="EmrLisDataDictionary.Patient.Address">
      <path value="EmrLisDataDictionary.Patient.Address"/>
      <short value="Patient Address"/>
      <definition value="Patient Address"/>
      <min value="0"/>
      <max value="*"/>
      <base>
        <path value="EmrLisDataDictionary.Patient.Address"/>
        <min value="0"/>
        <max value="*"/>
      </base>
      <type>
        <code value="Address"/>
      </type>
      <mapping>
        <identity value="PIMS"/>
        <map value="Patient.tblAddress; Patient.tblkAddressType"/>
      </mapping>
      <mapping>
        <identity value="FHIR-R4"/>
        <map value="Patient.address"/>
      </mapping>
    </element>
    <element id="EmrLisDataDictionary.Patient.birthDate">
      <path value="EmrLisDataDictionary.Patient.birthDate"/>
      <short value="Patient Date of Birth"/>
      <definition value="Patient Date of Birth"/>
      <min value="0"/>
      <max value="1"/>
      <base>
        <path value="EmrLisDataDictionary.Patient.birthDate"/>
        <min value="0"/>
        <max value="1"/>
      </base>
      <type>
        <code value="date"/>
      </type>
      <mapping>
        <identity value="PIMS"/>
        <map value="Patient.tblPatient.DOB"/>
      </mapping>
      <mapping>
        <identity value="FHIR-R4"/>
        <map value="Patient.birthDate"/>
      </mapping>
    </element>
    <element id="EmrLisDataDictionary.Patient.birthDateType">
      <path value="EmrLisDataDictionary.Patient.birthDateType"/>
      <short value="Birth Date Type"/>
      <definition value="Type of Birth Date"/>
      <min value="0"/>
      <max value="1"/>
      <base>
        <path value="EmrLisDataDictionary.Patient.birthDateType"/>
        <min value="0"/>
        <max value="1"/>
      </base>
      <type>
        <code value="CodeableConcept"/>
      </type>
      <binding>
        <strength value="extensible"/>
      </binding>
      <mapping>
        <identity value="PIMS"/>
        <map value="Patient.tblPatient.DOBType"/>
      </mapping>
      <mapping>
        <identity value="FHIR-R4"/>
        <map value="TODO"/>
      </mapping>
    </element>
    <element id="EmrLisDataDictionary.Patient.Contact">
      <path value="EmrLisDataDictionary.Patient.Contact"/>
      <short value="Patient Contact Information"/>
      <definition value="Patient Contact Information"/>
      <min value="0"/>
      <max value="*"/>
      <base>
        <path value="EmrLisDataDictionary.Patient.Contact"/>
        <min value="0"/>
        <max value="*"/>
      </base>
      <type>
        <code value="ContactPoint"/>
      </type>
      <mapping>
        <identity value="PIMS"/>
        <map value="Patient.tblContactDetail"/>
      </mapping>
      <mapping>
        <identity value="FHIR-R4"/>
        <map value="Patient.telecom"/>
      </mapping>
    </element>
    <element id="EmrLisDataDictionary.Patient.Name">
      <path value="EmrLisDataDictionary.Patient.Name"/>
      <short value="Patient Name"/>
      <definition value="Patient Name"/>
      <min value="0"/>
      <max value="*"/>
      <base>
        <path value="EmrLisDataDictionary.Patient.Name"/>
        <min value="0"/>
        <max value="*"/>
      </base>
      <type>
        <code value="HumanName"/>
      </type>
      <mapping>
        <identity value="PIMS"/>
        <map value="Patient.tblPatient.Surname; Patient.tblPatient.Firstname; Patient.tblPatient.Middlename"/>
      </mapping>
      <mapping>
        <identity value="FHIR-R4"/>
        <map value="Patient.name"/>
      </mapping>
    </element>
    <element id="EmrLisDataDictionary.Patient.GenderID">
      <path value="EmrLisDataDictionary.Patient.GenderID"/>
      <short value="Gender"/>
      <definition value="Gender"/>
      <min value="0"/>
      <max value="1"/>
      <base>
        <path value="EmrLisDataDictionary.Patient.GenderID"/>
        <min value="0"/>
        <max value="1"/>
      </base>
      <type>
        <code value="CodeableConcept"/>
      </type>
      <binding>
        <strength value="extensible"/>
      </binding>
      <mapping>
        <identity value="PIMS"/>
        <map value="Patient.tblPatient.GenderID; Patient.tblkGender"/>
      </mapping>
      <mapping>
        <identity value="FHIR-R4"/>
        <map value="Patient.gender"/>
      </mapping>
    </element>
    <element id="EmrLisDataDictionary.LabOrder">
      <path value="EmrLisDataDictionary.LabOrder"/>
      <short value="EMR-LIS Lab Order Logical Model"/>
      <definition value="Logical model of EMR-LIS LabOrder"/>
      <min value="0"/>
      <max value="1"/>
      <base>
        <path value="EmrLisDataDictionary.LabOrder"/>
        <min value="0"/>
        <max value="1"/>
      </base>
      <type>
        <code value="BackboneElement"/>
      </type>
      <mapping>
        <identity value="PIMS"/>
        <map value="Laboratory.tblLabOrder; Laboratory.tblLabOrderProfile"/>
      </mapping>
      <mapping>
        <identity value="FHIR-R4"/>
        <map value="Task; ServiceRequest"/>
      </mapping>
    </element>
    <element id="EmrLisDataDictionary.LabOrder.Patient">
      <path value="EmrLisDataDictionary.LabOrder.Patient"/>
      <short value="Lab Order Patient"/>
      <definition value="The subject of the lab order"/>
      <min value="1"/>
      <max value="1"/>
      <base>
        <path value="EmrLisDataDictionary.LabOrder.Patient"/>
        <min value="1"/>
        <max value="1"/>
      </base>
      <type>
        <code value="Reference"/>
      </type>
      <mapping>
        <identity value="PIMS"/>
        <map value="Laboratory.tblLabOrder.PatientID"/>
      </mapping>
      <mapping>
        <identity value="FHIR-R4"/>
        <map value="Task.for, ServiceRequest.subject"/>
      </mapping>
    </element>
    <element id="EmrLisDataDictionary.LabOrder.Requester">
      <path value="EmrLisDataDictionary.LabOrder.Requester"/>
      <short value="Lab Order Requester"/>
      <definition value="The requester of the lab order"/>
      <min value="0"/>
      <max value="1"/>
      <base>
        <path value="EmrLisDataDictionary.LabOrder.Requester"/>
        <min value="0"/>
        <max value="1"/>
      </base>
      <type>
        <code value="Reference"/>
      </type>
      <mapping>
        <identity value="PIMS"/>
        <map value="Laboratory.tblLabOrder.RequesterID"/>
      </mapping>
      <mapping>
        <identity value="FHIR-R4"/>
        <map value="Task.owner, ServiceRequest.requester"/>
      </mapping>
    </element>
    <element id="EmrLisDataDictionary.LabOrder.OrderDate">
      <path value="EmrLisDataDictionary.LabOrder.OrderDate"/>
      <short value="Lab Order Date"/>
      <definition value="Date Lab Order was authored on"/>
      <min value="1"/>
      <max value="1"/>
      <base>
        <path value="EmrLisDataDictionary.LabOrder.OrderDate"/>
        <min value="1"/>
        <max value="1"/>
      </base>
      <type>
        <code value="date"/>
      </type>
      <mapping>
        <identity value="PIMS"/>
        <map value="Laboratory.tblLabOrder.LabOrderDate"/>
      </mapping>
      <mapping>
        <identity value="FHIR-R4"/>
        <map value="Task.authoredOn, ServiceRequest.authoredOn"/>
      </mapping>
    </element>
    <element id="EmrLisDataDictionary.LabOrder.SampleDate">
      <path value="EmrLisDataDictionary.LabOrder.SampleDate"/>
      <short value="Scheduled Sample Date"/>
      <definition value="Date sample collection is scheduled for."/>
      <min value="1"/>
      <max value="1"/>
      <base>
        <path value="EmrLisDataDictionary.LabOrder.SampleDate"/>
        <min value="1"/>
        <max value="1"/>
      </base>
      <type>
        <code value="date"/>
      </type>
      <mapping>
        <identity value="PIMS"/>
        <map value="Laboratory.tblLabOrder.SampleDate"/>
      </mapping>
      <mapping>
        <identity value="FHIR-R4"/>
        <map value="ServiceRequest.occurance"/>
      </mapping>
    </element>
    <element id="EmrLisDataDictionary.LabOrder.RequestingFacility">
      <path value="EmrLisDataDictionary.LabOrder.RequestingFacility"/>
      <short value="Requesting Facility"/>
      <definition value="Requesting Facility"/>
      <min value="1"/>
      <max value="1"/>
      <base>
        <path value="EmrLisDataDictionary.LabOrder.RequestingFacility"/>
        <min value="1"/>
        <max value="1"/>
      </base>
      <type>
        <code value="Reference"/>
      </type>
      <mapping>
        <identity value="PIMS"/>
        <map value="Laboratory.tblLabOrder.RequestingFacilityID"/>
      </mapping>
      <mapping>
        <identity value="FHIR-R4"/>
        <map value="Task.owner, ServiceRequest.requester"/>
      </mapping>
    </element>
    <element id="EmrLisDataDictionary.LabOrder.OrderNumber">
      <path value="EmrLisDataDictionary.LabOrder.OrderNumber"/>
      <short value="National Order Identifier"/>
      <definition value="National Order Identifier"/>
      <min value="1"/>
      <max value="1"/>
      <base>
        <path value="EmrLisDataDictionary.LabOrder.OrderNumber"/>
        <min value="1"/>
        <max value="1"/>
      </base>
      <type>
        <code value="Identifier"/>
      </type>
      <mapping>
        <identity value="PIMS"/>
        <map value="Laboratory.tblLabOrder.LabOrderNo"/>
      </mapping>
      <mapping>
        <identity value="FHIR-R4"/>
        <map value="ServiceRequest.identifier"/>
      </mapping>
    </element>
    <element id="EmrLisDataDictionary.LabOrder.Profile">
      <path value="EmrLisDataDictionary.LabOrder.Profile"/>
      <short value="Order Profile for Lab Order"/>
      <definition value="Reference to Order Profile for Lab Order"/>
      <min value="1"/>
      <max value="*"/>
      <base>
        <path value="EmrLisDataDictionary.LabOrder.Profile"/>
        <min value="1"/>
        <max value="*"/>
      </base>
      <type>
        <code value="Reference"/>
      </type>
      <mapping>
        <identity value="PIMS"/>
        <map value="Laboratory.tblLabOrderProfile"/>
      </mapping>
      <mapping>
        <identity value="FHIR-R4"/>
        <map value="Task.basedOn"/>
      </mapping>
    </element>
    <element id="EmrLisDataDictionary.LabOrder.Result">
      <path value="EmrLisDataDictionary.LabOrder.Result"/>
      <short value="Lab Order Result"/>
      <definition value="Lab Order Result"/>
      <min value="0"/>
      <max value="*"/>
      <base>
        <path value="EmrLisDataDictionary.LabOrder.Result"/>
        <min value="0"/>
        <max value="*"/>
      </base>
      <type>
        <code value="Reference"/>
      </type>
      <mapping>
        <identity value="PIMS"/>
        <map value="Laboratory.tblLabOrderProfileTest"/>
      </mapping>
      <mapping>
        <identity value="FHIR-R4"/>
        <map value="Task.output"/>
      </mapping>
    </element>
    <element id="EmrLisDataDictionary.Profile">
      <path value="EmrLisDataDictionary.Profile"/>
      <short value="Ordering Profile for Lab Orders"/>
      <definition value="Ordering Profile for Lab Orders"/>
      <min value="0"/>
      <max value="*"/>
      <base>
        <path value="EmrLisDataDictionary.Profile"/>
        <min value="0"/>
        <max value="*"/>
      </base>
      <type>
        <code value="BackboneElement"/>
      </type>
      <mapping>
        <identity value="PIMS"/>
        <map value="Laboratory.tblLabOrderProfile"/>
      </mapping>
      <mapping>
        <identity value="FHIR-R4"/>
        <map value="ServiceRequest"/>
      </mapping>
    </element>
    <element id="EmrLisDataDictionary.Profile.LabTest">
      <path value="EmrLisDataDictionary.Profile.LabTest"/>
      <short value="Reference to Lab Test"/>
      <definition value="Reference to Lab Test"/>
      <min value="1"/>
      <max value="*"/>
      <base>
        <path value="EmrLisDataDictionary.Profile.LabTest"/>
        <min value="1"/>
        <max value="*"/>
      </base>
      <type>
        <code value="Reference"/>
      </type>
      <mapping>
        <identity value="PIMS"/>
        <map value="Laboratory.tblLabOrderProfile.LabTestID"/>
      </mapping>
      <mapping>
        <identity value="FHIR-R4"/>
        <map value="ServiceRequest.code"/>
      </mapping>
    </element>
    <element id="EmrLisDataDictionary.Result">
      <path value="EmrLisDataDictionary.Result"/>
      <short value="Result for Lab Orders"/>
      <definition value="Result for Lab Orders"/>
      <min value="0"/>
      <max value="*"/>
      <base>
        <path value="EmrLisDataDictionary.Result"/>
        <min value="0"/>
        <max value="*"/>
      </base>
      <type>
        <code value="BackboneElement"/>
      </type>
      <mapping>
        <identity value="PIMS"/>
        <map value="Laboratory.tblLabOrderProfile; Laboratory.tblLabOrderProfileTest; Laboratory.tblLabOrderProfileTestParameter"/>
      </mapping>
      <mapping>
        <identity value="FHIR-R4"/>
        <map value="DiagnosticReport"/>
      </mapping>
    </element>
    <element id="EmrLisDataDictionary.Result.LabTest">
      <path value="EmrLisDataDictionary.Result.LabTest"/>
      <short value="Lab Test for Result"/>
      <definition value="Lab Test for Result"/>
      <min value="0"/>
      <max value="1"/>
      <base>
        <path value="EmrLisDataDictionary.Result.LabTest"/>
        <min value="0"/>
        <max value="1"/>
      </base>
      <type>
        <code value="Reference"/>
      </type>
      <mapping>
        <identity value="PIMS"/>
        <map value="Laboratory.tblLabOrderProfile"/>
      </mapping>
      <mapping>
        <identity value="FHIR-R4"/>
        <map value="DiagnosticReport.code"/>
      </mapping>
    </element>
    <element id="EmrLisDataDictionary.Result.Value">
      <path value="EmrLisDataDictionary.Result.Value"/>
      <short value="Value for Result"/>
      <definition value="Value for Result"/>
      <min value="1"/>
      <max value="1"/>
      <base>
        <path value="EmrLisDataDictionary.Result.Value"/>
        <min value="1"/>
        <max value="1"/>
      </base>
      <type>
        <code value="BackboneElement"/>
      </type>
      <mapping>
        <identity value="PIMS"/>
        <map value="Laboratory.tblLabOrderProfileTest.Result; Laboratory.tblLabOrderProfileTestParameter.Result"/>
      </mapping>
      <mapping>
        <identity value="FHIR-R4"/>
        <map value="Observation.value"/>
      </mapping>
    </element>
    <element id="EmrLisDataDictionary.Result.ValueType">
      <path value="EmrLisDataDictionary.Result.ValueType"/>
      <short value="Type of Value for Result"/>
      <definition value="Type of Value for Result"/>
      <min value="1"/>
      <max value="1"/>
      <base>
        <path value="EmrLisDataDictionary.Result.ValueType"/>
        <min value="1"/>
        <max value="1"/>
      </base>
      <type>
        <code value="CodeableConcept"/>
      </type>
      <mapping>
        <identity value="PIMS"/>
        <map value="??"/>
      </mapping>
      <mapping>
        <identity value="FHIR-R4"/>
        <map value="Observation.value[x]"/>
      </mapping>
    </element>
    <element id="EmrLisDataDictionary.Result.Unit">
      <path value="EmrLisDataDictionary.Result.Unit"/>
      <short value="Unit for Result"/>
      <definition value="Unit for Result"/>
      <min value="0"/>
      <max value="1"/>
      <base>
        <path value="EmrLisDataDictionary.Result.Unit"/>
        <min value="0"/>
        <max value="1"/>
      </base>
      <type>
        <code value="string"/>
      </type>
      <mapping>
        <identity value="PIMS"/>
        <map value="Laboratory.tblLabOrderProfileTest.LabTestUnitID"/>
      </mapping>
      <mapping>
        <identity value="FHIR-R4"/>
        <map value="Observation.value[Quantity]; Quantity.unit"/>
      </mapping>
    </element>
  </snapshot>
  <differential>
    <element id="EmrLisDataDictionary">
      <path value="EmrLisDataDictionary"/>
      <definition value="EmrLisDataDictionary"/>
      <min value="0"/>
      <max value="*"/>
      <mapping>
        <identity value="PIMS"/>
      </mapping>
      <mapping>
        <identity value="FHIR-R4"/>
      </mapping>
    </element>
    <element id="EmrLisDataDictionary.Patient">
      <path value="EmrLisDataDictionary.Patient"/>
      <short value="EMR-LIS Patient Logical Model"/>
      <definition value="Logical model of EMR-LIS Patient"/>
      <min value="0"/>
      <max value="1"/>
      <type>
        <code value="BackboneElement"/>
      </type>
      <mapping>
        <identity value="PIMS"/>
        <map value="Patient.tblPatient"/>
      </mapping>
      <mapping>
        <identity value="FHIR-R4"/>
        <map value="Patient"/>
      </mapping>
    </element>
    <element id="EmrLisDataDictionary.Patient.NationalID">
      <path value="EmrLisDataDictionary.Patient.NationalID"/>
      <short value="National Patient Identification Number"/>
      <definition value="Main national-level identification number (Omang or Passport)"/>
      <min value="0"/>
      <max value="1"/>
      <type>
        <code value="Identifier"/>
      </type>
      <mapping>
        <identity value="PIMS"/>
        <map value="Patient.tblPatient.IDNo; Patient.tblPatient.IDNoType"/>
      </mapping>
      <mapping>
        <identity value="FHIR-R4"/>
        <map value="Patient.identifier"/>
      </mapping>
    </element>
    <element id="EmrLisDataDictionary.Patient.Active">
      <path value="EmrLisDataDictionary.Patient.Active"/>
      <short value="Patient Active Flag"/>
      <definition value="Flag for distinguishing between active and not active Patients"/>
      <min value="0"/>
      <max value="1"/>
      <type>
        <code value="CodeableConcept"/>
      </type>
      <binding>
        <strength value="extensible"/>
      </binding>
      <mapping>
        <identity value="PIMS"/>
        <map value="TODO"/>
      </mapping>
      <mapping>
        <identity value="FHIR-R4"/>
        <map value="Patient.active"/>
      </mapping>
    </element>
    <element id="EmrLisDataDictionary.Patient.MaritalStatus">
      <path value="EmrLisDataDictionary.Patient.MaritalStatus"/>
      <short value="Marital Status"/>
      <definition value="Marital Status"/>
      <min value="0"/>
      <max value="*"/>
      <type>
        <code value="CodeableConcept"/>
      </type>
      <binding>
        <strength value="extensible"/>
      </binding>
      <mapping>
        <identity value="PIMS"/>
        <map value="Patient.tblPatient.MartitalStatusID; Patient.tblkMaritalStatus"/>
      </mapping>
      <mapping>
        <identity value="FHIR-R4"/>
        <map value="Patient.maritalStatus"/>
      </mapping>
    </element>
    <element id="EmrLisDataDictionary.Patient.Address">
      <path value="EmrLisDataDictionary.Patient.Address"/>
      <short value="Patient Address"/>
      <definition value="Patient Address"/>
      <min value="0"/>
      <max value="*"/>
      <type>
        <code value="Address"/>
      </type>
      <mapping>
        <identity value="PIMS"/>
        <map value="Patient.tblAddress; Patient.tblkAddressType"/>
      </mapping>
      <mapping>
        <identity value="FHIR-R4"/>
        <map value="Patient.address"/>
      </mapping>
    </element>
    <element id="EmrLisDataDictionary.Patient.birthDate">
      <path value="EmrLisDataDictionary.Patient.birthDate"/>
      <short value="Patient Date of Birth"/>
      <definition value="Patient Date of Birth"/>
      <min value="0"/>
      <max value="1"/>
      <type>
        <code value="date"/>
      </type>
      <mapping>
        <identity value="PIMS"/>
        <map value="Patient.tblPatient.DOB"/>
      </mapping>
      <mapping>
        <identity value="FHIR-R4"/>
        <map value="Patient.birthDate"/>
      </mapping>
    </element>
    <element id="EmrLisDataDictionary.Patient.birthDateType">
      <path value="EmrLisDataDictionary.Patient.birthDateType"/>
      <short value="Birth Date Type"/>
      <definition value="Type of Birth Date"/>
      <min value="0"/>
      <max value="1"/>
      <type>
        <code value="CodeableConcept"/>
      </type>
      <binding>
        <strength value="extensible"/>
      </binding>
      <mapping>
        <identity value="PIMS"/>
        <map value="Patient.tblPatient.DOBType"/>
      </mapping>
      <mapping>
        <identity value="FHIR-R4"/>
        <map value="TODO"/>
      </mapping>
    </element>
    <element id="EmrLisDataDictionary.Patient.Contact">
      <path value="EmrLisDataDictionary.Patient.Contact"/>
      <short value="Patient Contact Information"/>
      <definition value="Patient Contact Information"/>
      <min value="0"/>
      <max value="*"/>
      <type>
        <code value="ContactPoint"/>
      </type>
      <mapping>
        <identity value="PIMS"/>
        <map value="Patient.tblContactDetail"/>
      </mapping>
      <mapping>
        <identity value="FHIR-R4"/>
        <map value="Patient.telecom"/>
      </mapping>
    </element>
    <element id="EmrLisDataDictionary.Patient.Name">
      <path value="EmrLisDataDictionary.Patient.Name"/>
      <short value="Patient Name"/>
      <definition value="Patient Name"/>
      <min value="0"/>
      <max value="*"/>
      <type>
        <code value="HumanName"/>
      </type>
      <mapping>
        <identity value="PIMS"/>
        <map value="Patient.tblPatient.Surname; Patient.tblPatient.Firstname; Patient.tblPatient.Middlename"/>
      </mapping>
      <mapping>
        <identity value="FHIR-R4"/>
        <map value="Patient.name"/>
      </mapping>
    </element>
    <element id="EmrLisDataDictionary.Patient.GenderID">
      <path value="EmrLisDataDictionary.Patient.GenderID"/>
      <short value="Gender"/>
      <definition value="Gender"/>
      <min value="0"/>
      <max value="1"/>
      <type>
        <code value="CodeableConcept"/>
      </type>
      <binding>
        <strength value="extensible"/>
      </binding>
      <mapping>
        <identity value="PIMS"/>
        <map value="Patient.tblPatient.GenderID; Patient.tblkGender"/>
      </mapping>
      <mapping>
        <identity value="FHIR-R4"/>
        <map value="Patient.gender"/>
      </mapping>
    </element>
    <element id="EmrLisDataDictionary.LabOrder">
      <path value="EmrLisDataDictionary.LabOrder"/>
      <short value="EMR-LIS Lab Order Logical Model"/>
      <definition value="Logical model of EMR-LIS LabOrder"/>
      <min value="0"/>
      <max value="1"/>
      <type>
        <code value="BackboneElement"/>
      </type>
      <mapping>
        <identity value="PIMS"/>
        <map value="Laboratory.tblLabOrder; Laboratory.tblLabOrderProfile"/>
      </mapping>
      <mapping>
        <identity value="FHIR-R4"/>
        <map value="Task; ServiceRequest"/>
      </mapping>
    </element>
    <element id="EmrLisDataDictionary.LabOrder.Patient">
      <path value="EmrLisDataDictionary.LabOrder.Patient"/>
      <short value="Lab Order Patient"/>
      <definition value="The subject of the lab order"/>
      <min value="1"/>
      <max value="1"/>
      <type>
        <code value="Reference"/>
      </type>
      <mapping>
        <identity value="PIMS"/>
        <map value="Laboratory.tblLabOrder.PatientID"/>
      </mapping>
      <mapping>
        <identity value="FHIR-R4"/>
        <map value="Task.for, ServiceRequest.subject"/>
      </mapping>
    </element>
    <element id="EmrLisDataDictionary.LabOrder.Requester">
      <path value="EmrLisDataDictionary.LabOrder.Requester"/>
      <short value="Lab Order Requester"/>
      <definition value="The requester of the lab order"/>
      <min value="0"/>
      <max value="1"/>
      <type>
        <code value="Reference"/>
      </type>
      <mapping>
        <identity value="PIMS"/>
        <map value="Laboratory.tblLabOrder.RequesterID"/>
      </mapping>
      <mapping>
        <identity value="FHIR-R4"/>
        <map value="Task.owner, ServiceRequest.requester"/>
      </mapping>
    </element>
    <element id="EmrLisDataDictionary.LabOrder.OrderDate">
      <path value="EmrLisDataDictionary.LabOrder.OrderDate"/>
      <short value="Lab Order Date"/>
      <definition value="Date Lab Order was authored on"/>
      <min value="1"/>
      <max value="1"/>
      <type>
        <code value="date"/>
      </type>
      <mapping>
        <identity value="PIMS"/>
        <map value="Laboratory.tblLabOrder.LabOrderDate"/>
      </mapping>
      <mapping>
        <identity value="FHIR-R4"/>
        <map value="Task.authoredOn, ServiceRequest.authoredOn"/>
      </mapping>
    </element>
    <element id="EmrLisDataDictionary.LabOrder.SampleDate">
      <path value="EmrLisDataDictionary.LabOrder.SampleDate"/>
      <short value="Scheduled Sample Date"/>
      <definition value="Date sample collection is scheduled for."/>
      <min value="1"/>
      <max value="1"/>
      <type>
        <code value="date"/>
      </type>
      <mapping>
        <identity value="PIMS"/>
        <map value="Laboratory.tblLabOrder.SampleDate"/>
      </mapping>
      <mapping>
        <identity value="FHIR-R4"/>
        <map value="ServiceRequest.occurance"/>
      </mapping>
    </element>
    <element id="EmrLisDataDictionary.LabOrder.RequestingFacility">
      <path value="EmrLisDataDictionary.LabOrder.RequestingFacility"/>
      <short value="Requesting Facility"/>
      <definition value="Requesting Facility"/>
      <min value="1"/>
      <max value="1"/>
      <type>
        <code value="Reference"/>
      </type>
      <mapping>
        <identity value="PIMS"/>
        <map value="Laboratory.tblLabOrder.RequestingFacilityID"/>
      </mapping>
      <mapping>
        <identity value="FHIR-R4"/>
        <map value="Task.owner, ServiceRequest.requester"/>
      </mapping>
    </element>
    <element id="EmrLisDataDictionary.LabOrder.OrderNumber">
      <path value="EmrLisDataDictionary.LabOrder.OrderNumber"/>
      <short value="National Order Identifier"/>
      <definition value="National Order Identifier"/>
      <min value="1"/>
      <max value="1"/>
      <type>
        <code value="Identifier"/>
      </type>
      <mapping>
        <identity value="PIMS"/>
        <map value="Laboratory.tblLabOrder.LabOrderNo"/>
      </mapping>
      <mapping>
        <identity value="FHIR-R4"/>
        <map value="ServiceRequest.identifier"/>
      </mapping>
    </element>
    <element id="EmrLisDataDictionary.LabOrder.Profile">
      <path value="EmrLisDataDictionary.LabOrder.Profile"/>
      <short value="Order Profile for Lab Order"/>
      <definition value="Reference to Order Profile for Lab Order"/>
      <min value="1"/>
      <max value="*"/>
      <type>
        <code value="Reference"/>
      </type>
      <mapping>
        <identity value="PIMS"/>
        <map value="Laboratory.tblLabOrderProfile"/>
      </mapping>
      <mapping>
        <identity value="FHIR-R4"/>
        <map value="Task.basedOn"/>
      </mapping>
    </element>
    <element id="EmrLisDataDictionary.LabOrder.Result">
      <path value="EmrLisDataDictionary.LabOrder.Result"/>
      <short value="Lab Order Result"/>
      <definition value="Lab Order Result"/>
      <min value="0"/>
      <max value="*"/>
      <type>
        <code value="Reference"/>
      </type>
      <mapping>
        <identity value="PIMS"/>
        <map value="Laboratory.tblLabOrderProfileTest"/>
      </mapping>
      <mapping>
        <identity value="FHIR-R4"/>
        <map value="Task.output"/>
      </mapping>
    </element>
    <element id="EmrLisDataDictionary.Profile">
      <path value="EmrLisDataDictionary.Profile"/>
      <short value="Ordering Profile for Lab Orders"/>
      <definition value="Ordering Profile for Lab Orders"/>
      <min value="0"/>
      <max value="*"/>
      <type>
        <code value="BackboneElement"/>
      </type>
      <mapping>
        <identity value="PIMS"/>
        <map value="Laboratory.tblLabOrderProfile"/>
      </mapping>
      <mapping>
        <identity value="FHIR-R4"/>
        <map value="ServiceRequest"/>
      </mapping>
    </element>
    <element id="EmrLisDataDictionary.Profile.LabTest">
      <path value="EmrLisDataDictionary.Profile.LabTest"/>
      <short value="Reference to Lab Test"/>
      <definition value="Reference to Lab Test"/>
      <min value="1"/>
      <max value="*"/>
      <type>
        <code value="Reference"/>
      </type>
      <mapping>
        <identity value="PIMS"/>
        <map value="Laboratory.tblLabOrderProfile.LabTestID"/>
      </mapping>
      <mapping>
        <identity value="FHIR-R4"/>
        <map value="ServiceRequest.code"/>
      </mapping>
    </element>
    <element id="EmrLisDataDictionary.Result">
      <path value="EmrLisDataDictionary.Result"/>
      <short value="Result for Lab Orders"/>
      <definition value="Result for Lab Orders"/>
      <min value="0"/>
      <max value="*"/>
      <type>
        <code value="BackboneElement"/>
      </type>
      <mapping>
        <identity value="PIMS"/>
        <map value="Laboratory.tblLabOrderProfile; Laboratory.tblLabOrderProfileTest; Laboratory.tblLabOrderProfileTestParameter"/>
      </mapping>
      <mapping>
        <identity value="FHIR-R4"/>
        <map value="DiagnosticReport"/>
      </mapping>
    </element>
    <element id="EmrLisDataDictionary.Result.LabTest">
      <path value="EmrLisDataDictionary.Result.LabTest"/>
      <short value="Lab Test for Result"/>
      <definition value="Lab Test for Result"/>
      <min value="0"/>
      <max value="1"/>
      <type>
        <code value="Reference"/>
      </type>
      <mapping>
        <identity value="PIMS"/>
        <map value="Laboratory.tblLabOrderProfile"/>
      </mapping>
      <mapping>
        <identity value="FHIR-R4"/>
        <map value="DiagnosticReport.code"/>
      </mapping>
    </element>
    <element id="EmrLisDataDictionary.Result.Value">
      <path value="EmrLisDataDictionary.Result.Value"/>
      <short value="Value for Result"/>
      <definition value="Value for Result"/>
      <min value="1"/>
      <max value="1"/>
      <type>
        <code value="BackboneElement"/>
      </type>
      <mapping>
        <identity value="PIMS"/>
        <map value="Laboratory.tblLabOrderProfileTest.Result; Laboratory.tblLabOrderProfileTestParameter.Result"/>
      </mapping>
      <mapping>
        <identity value="FHIR-R4"/>
        <map value="Observation.value"/>
      </mapping>
    </element>
    <element id="EmrLisDataDictionary.Result.ValueType">
      <path value="EmrLisDataDictionary.Result.ValueType"/>
      <short value="Type of Value for Result"/>
      <definition value="Type of Value for Result"/>
      <min value="1"/>
      <max value="1"/>
      <type>
        <code value="CodeableConcept"/>
      </type>
      <mapping>
        <identity value="PIMS"/>
        <map value="??"/>
      </mapping>
      <mapping>
        <identity value="FHIR-R4"/>
        <map value="Observation.value[x]"/>
      </mapping>
    </element>
    <element id="EmrLisDataDictionary.Result.Unit">
      <path value="EmrLisDataDictionary.Result.Unit"/>
      <short value="Unit for Result"/>
      <definition value="Unit for Result"/>
      <min value="0"/>
      <max value="1"/>
      <type>
        <code value="string"/>
      </type>
      <mapping>
        <identity value="PIMS"/>
        <map value="Laboratory.tblLabOrderProfileTest.LabTestUnitID"/>
      </mapping>
      <mapping>
        <identity value="FHIR-R4"/>
        <map value="Observation.value[Quantity]; Quantity.unit"/>
      </mapping>
    </element>
  </differential>
</StructureDefinition>