<?xml version="1.0" encoding="UTF-8"?>

<ValueSet xmlns="http://hl7.org/fhir">
  <id value="emr-lab-order-code-vs"/>
  <text>
    <status value="generated"/><div xmlns="http://www.w3.org/1999/xhtml"><ul><li>Include all codes defined in <a href="http://loinc.org"><code>http://loinc.org</code></a></li></ul></div>
  </text>
  <url value="http://openhie.org/fhir/ValueSet/emr-lab-order-code-vs"/>
  <version value="0.1.0-test"/>
  <name value="EmrLabOrderCodeVS"/>
  <title value="EMR Lab Order Code"/>
  <status value="active"/>
  <date value="2021-04-28T18:38:49+00:00"/>
  <publisher value="I-TECH-UW"/>
  <contact>
    <telecom>
      <system value="url"/>
      <value value="https://www.washington.edu/research/research-centers/international-training-and-education-center-for-health-i-tech/"/>
    </telecom>
  </contact>
  <description value="The code for the lab order requested in the EMR."/>
  <jurisdiction>
    <coding>
      <system value="http://unstats.un.org/unsd/methods/m49/m49.htm"/>
      <code value="001"/>
    </coding>
  </jurisdiction>
  <compose>
    <include>
      <system value="http://loinc.org"/>
    </include>
  </compose>
</ValueSet>