<?xml version="1.0" encoding="UTF-8"?><ImplementationGuide xmlns="http://hl7.org/fhir"><id value="fhir.bw.lab"/><text><status value="extensions"/><div xmlns="http://www.w3.org/1999/xhtml"><h2>BwLabIG</h2><p>The official URL for this implementation guide is: </p><pre>http://b-techbw.github.io/bw-lab-ig/ImplementationGuide/fhir.bw.lab</pre><div><p>TODO</p>
</div></div></text><url value="http://b-techbw.github.io/bw-lab-ig/ImplementationGuide/fhir.bw.lab"/><version value="0.2.0"/><name value="BwLabIG"/><title value="Botswana Laboratory HIE Workflow Implementation Guide"/><status value="draft"/><experimental value="true"/><date value="2021-06-04T21:38:11+00:00"/><publisher value="B-TECHBW"/><contact><name value="B-TECHBW"/><telecom><system value="url"/><value value="www.github.com/b-techbw"/></telecom><telecom><system value="email"/><value value="pmanko@uw.edu"/></telecom></contact><description value="TODO"/><jurisdiction><coding><system value="http://unstats.un.org/unsd/methods/m49/m49.htm"/><code value="072"/></coding></jurisdiction><jurisdiction><coding><system value="urn:iso:std:iso:3166"/><code value="BW"/></coding></jurisdiction><packageId value="fhir.bw.lab"/><license value="CC-BY-SA-4.0"/><fhirVersion value="4.0.1"/><definition><extension url="http://hl7.org/fhir/tools/StructureDefinition/ig-parameter"><extension url="code"><valueString value="copyrightyear"/></extension><extension url="value"><valueString value="2021+"/></extension></extension><extension url="http://hl7.org/fhir/tools/StructureDefinition/ig-parameter"><extension url="code"><valueString value="releaselabel"/></extension><extension url="value"><valueString value="ci-build"/></extension></extension><extension url="http://hl7.org/fhir/tools/StructureDefinition/ig-parameter"><extension url="code"><valueString value="excludettl"/></extension><extension url="value"><valueString value="true"/></extension></extension><extension url="http://hl7.org/fhir/tools/StructureDefinition/ig-parameter"><extension url="code"><valueString value="autoload-resources"/></extension><extension url="value"><valueString value="true"/></extension></extension><extension url="http://hl7.org/fhir/tools/StructureDefinition/ig-parameter"><extension url="code"><valueString value="path-liquid"/></extension><extension url="value"><valueString value="template/liquid"/></extension></extension><extension url="http://hl7.org/fhir/tools/StructureDefinition/ig-parameter"><extension url="code"><valueString value="path-liquid"/></extension><extension url="value"><valueString value="input/liquid"/></extension></extension><extension url="http://hl7.org/fhir/tools/StructureDefinition/ig-parameter"><extension url="code"><valueString value="path-qa"/></extension><extension url="value"><valueString value="temp/qa"/></extension></extension><extension url="http://hl7.org/fhir/tools/StructureDefinition/ig-parameter"><extension url="code"><valueString value="path-temp"/></extension><extension url="value"><valueString value="temp/pages"/></extension></extension><extension url="http://hl7.org/fhir/tools/StructureDefinition/ig-parameter"><extension url="code"><valueString value="path-output"/></extension><extension url="value"><valueString value="output"/></extension></extension><extension url="http://hl7.org/fhir/tools/StructureDefinition/ig-parameter"><extension url="code"><valueString value="path-suppressed-warnings"/></extension><extension url="value"><valueString value="input/ignoreWarnings.txt"/></extension></extension><extension url="http://hl7.org/fhir/tools/StructureDefinition/ig-parameter"><extension url="code"><valueString value="path-history"/></extension><extension url="value"><valueString value="http://b-techbw.github.io/bw-lab-ig/history.html"/></extension></extension><extension url="http://hl7.org/fhir/tools/StructureDefinition/ig-parameter"><extension url="code"><valueString value="template-html"/></extension><extension url="value"><valueString value="template-page.html"/></extension></extension><extension url="http://hl7.org/fhir/tools/StructureDefinition/ig-parameter"><extension url="code"><valueString value="template-md"/></extension><extension url="value"><valueString value="template-page-md.html"/></extension></extension><extension url="http://hl7.org/fhir/tools/StructureDefinition/ig-parameter"><extension url="code"><valueString value="apply-contact"/></extension><extension url="value"><valueString value="true"/></extension></extension><extension url="http://hl7.org/fhir/tools/StructureDefinition/ig-parameter"><extension url="code"><valueString value="apply-context"/></extension><extension url="value"><valueString value="true"/></extension></extension><extension url="http://hl7.org/fhir/tools/StructureDefinition/ig-parameter"><extension url="code"><valueString value="apply-copyright"/></extension><extension url="value"><valueString value="true"/></extension></extension><extension url="http://hl7.org/fhir/tools/StructureDefinition/ig-parameter"><extension url="code"><valueString value="apply-jurisdiction"/></extension><extension url="value"><valueString value="true"/></extension></extension><extension url="http://hl7.org/fhir/tools/StructureDefinition/ig-parameter"><extension url="code"><valueString value="apply-license"/></extension><extension url="value"><valueString value="true"/></extension></extension><extension url="http://hl7.org/fhir/tools/StructureDefinition/ig-parameter"><extension url="code"><valueString value="apply-publisher"/></extension><extension url="value"><valueString value="true"/></extension></extension><extension url="http://hl7.org/fhir/tools/StructureDefinition/ig-parameter"><extension url="code"><valueString value="apply-version"/></extension><extension url="value"><valueString value="true"/></extension></extension><extension url="http://hl7.org/fhir/tools/StructureDefinition/ig-parameter"><extension url="code"><valueString value="active-tables"/></extension><extension url="value"><valueString value="true"/></extension></extension><grouping id="-str-logicalmodel"><name value="Structures: Logical Models"/><description value="These define data models that represent the domain covered by this implementation guide in more business-friendly terms than the underlying FHIR resources."/></grouping><grouping id="-str-profile"><name value="Structures: Resource Profiles"/><description value="These define constraints on FHIR resources for systems conforming to this implementation guide"/></grouping><grouping id="-str-datatype"><name value="Structures: Data Type Profiles"/><description value="These define constraints on FHIR data types for systems conforming to this implementation guide"/></grouping><grouping id="-term-valueset"><name value="Terminology: Value Sets"/><description value="These define sets of codes used by systems conforming to this implementation guide"/></grouping><grouping id="-ex-example"><name value="Example: Example Instances"/><description value="These are example instances that show what data produced and consumed by systems conforming with this implementation guide might look like"/></grouping><resource><extension url="http://hl7.org/fhir/StructureDefinition/implementationguide-page"><valueUri value="StructureDefinition-bw-encounter.html"/></extension><reference><reference value="StructureDefinition/bw-encounter"/></reference><name value="Botsana Encounter"/><description value="Encounter resource for encounters in Botswana"/><exampleBoolean value="false"/><groupingId value="-str-profile"/></resource><resource><extension url="http://hl7.org/fhir/StructureDefinition/implementationguide-page"><valueUri value="StructureDefinition-bw-lab-diagnostic-report.html"/></extension><reference><reference value="StructureDefinition/bw-lab-diagnostic-report"/></reference><name value="Botswana Lab Diagnostic Report"/><description value="DiagnosticReport resource that holds the results of a lab order"/><exampleBoolean value="false"/><groupingId value="-str-profile"/></resource><resource><extension url="http://hl7.org/fhir/StructureDefinition/implementationguide-page"><valueUri value="StructureDefinition-bw-lab-observation.html"/></extension><reference><reference value="StructureDefinition/bw-lab-observation"/></reference><name value="Botswana Lab Observation"/><description value="Observation resource that holds the result values a lab order in Botswana"/><exampleBoolean value="false"/><groupingId value="-str-profile"/></resource><resource><extension url="http://hl7.org/fhir/StructureDefinition/implementationguide-page"><valueUri value="StructureDefinition-bw-lab-service-request.html"/></extension><reference><reference value="StructureDefinition/bw-lab-service-request"/></reference><name value="Botswana Lab Service Request"/><description value="A service request a lab order for for a given patient."/><exampleBoolean value="false"/><groupingId value="-str-profile"/></resource><resource><extension url="http://hl7.org/fhir/StructureDefinition/implementationguide-page"><valueUri value="StructureDefinition-bw-lab-task.html"/></extension><reference><reference value="StructureDefinition/bw-lab-task"/></reference><name value="BT Lab Workflow Task Resource"/><description value="A Task resource for tracking order state and synchronizing Lab Order communication in Botswana"/><exampleBoolean value="false"/><groupingId value="-str-profile"/></resource><resource><extension url="http://hl7.org/fhir/StructureDefinition/implementationguide-page"><valueUri value="StructureDefinition-bw-national-identifier.html"/></extension><reference><reference value="StructureDefinition/bw-national-identifier"/></reference><name value="Botswana National Identifier"/><description value="A national-level identifier for Botswana, usually either OMANG or a Passport number."/><exampleBoolean value="false"/><groupingId value="-str-datatype"/></resource><resource><extension url="http://hl7.org/fhir/StructureDefinition/implementationguide-page"><valueUri value="StructureDefinition-bw-patient.html"/></extension><reference><reference value="StructureDefinition/bw-patient"/></reference><name value="Botswana Patient"/><description value="A patient in a Botswana Health System"/><exampleBoolean value="false"/><groupingId value="-str-profile"/></resource><resource><extension url="http://hl7.org/fhir/StructureDefinition/implementationguide-page"><valueUri value="ValueSet-bw-lab-diagnostic-report-status-vs.html"/></extension><reference><reference value="ValueSet/bw-lab-diagnostic-report-status-vs"/></reference><name value="Botswana Diagnostic Report Status Flag"/><description value="The status of the diagnostic report, subset from https://www.hl7.org/fhir/valueset-diagnostic-report-status.html"/><exampleBoolean value="false"/><groupingId value="-term-valueset"/></resource><resource><extension url="http://hl7.org/fhir/StructureDefinition/implementationguide-page"><valueUri value="ValueSet-bw-lab-order-code-vs.html"/></extension><reference><reference value="ValueSet/bw-lab-order-code-vs"/></reference><name value="Botswana Lab Order Code"/><description value="The code for the lab order."/><exampleBoolean value="false"/><groupingId value="-term-valueset"/></resource><resource><extension url="http://hl7.org/fhir/StructureDefinition/implementationguide-page"><valueUri value="ValueSet-bw-lab-task-intent-vs.html"/></extension><reference><reference value="ValueSet/bw-lab-task-intent-vs"/></reference><name value="Botswana Intent for Lab Task"/><description value="The intent of the task, subset from https://www.hl7.org/FHIR/valueset-task-intent.html"/><exampleBoolean value="false"/><groupingId value="-term-valueset"/></resource><resource><extension url="http://hl7.org/fhir/StructureDefinition/implementationguide-page"><valueUri value="ValueSet-bw-lab-task-status-vs.html"/></extension><reference><reference value="ValueSet/bw-lab-task-status-vs"/></reference><name value="Botswana Status for Lab Task"/><description value="The status of the task, subset from https://www.hl7.org/FHIR/valueset-task-status.html"/><exampleBoolean value="false"/><groupingId value="-term-valueset"/></resource><resource><extension url="http://hl7.org/fhir/StructureDefinition/implementationguide-page"><valueUri value="StructureDefinition-BwLabDataDictionary.html"/></extension><reference><reference value="StructureDefinition/BwLabDataDictionary"/></reference><name value="Botswana Lab Data Dictionary"/><description value="Botswana Laboratory Data Dictionary - Logical Model"/><exampleBoolean value="false"/><groupingId value="-str-logicalmodel"/></resource><resource><extension url="http://hl7.org/fhir/StructureDefinition/implementationguide-page"><valueUri value="Patient-example-bw-patient.html"/></extension><reference><reference value="Patient/example-bw-patient"/></reference><name value="BW Patient"/><description value="Patient in a Botswana Health System"/><exampleCanonical value="http://b-techbw.github.io/bw-lab-ig/StructureDefinition/bw-patient"/><groupingId value="-ex-example"/></resource><page><nameUrl value="toc.html"/><title value="Table of Contents"/><generation value="html"/><page><nameUrl value="index.html"/><title value="Home"/><generation value="html"/></page><page><nameUrl value="background.html"/><title value="Background"/><generation value="html"/></page><page><nameUrl value="changes.html"/><title value="Changes"/><generation value="html"/></page><page><nameUrl value="downloads.html"/><title value="Downloads"/><generation value="html"/></page><page><nameUrl value="spec.html"/><title value="Spec"/><generation value="markdown"/></page><page><nameUrl value="system_specification.html"/><title value="System Specification"/><generation value="markdown"/></page><page><nameUrl value="use_cases.html"/><title value="Use Cases"/><generation value="markdown"/></page><page><nameUrl value="artifacts.html"/><title value="Artifacts Summary"/><generation value="html"/><page><nameUrl value="StructureDefinition-BwLabDataDictionary.html"/><title value="Botswana Lab Data Dictionary"/><generation value="generated"/></page><page><nameUrl value="StructureDefinition-bw-encounter.html"/><title value="Botsana Encounter"/><generation value="generated"/></page><page><nameUrl value="StructureDefinition-bw-lab-diagnostic-report.html"/><title value="Botswana Lab Diagnostic Report"/><generation value="generated"/></page><page><nameUrl value="StructureDefinition-bw-lab-observation.html"/><title value="Botswana Lab Observation"/><generation value="generated"/></page><page><nameUrl value="StructureDefinition-bw-lab-service-request.html"/><title value="Botswana Lab Service Request"/><generation value="generated"/></page><page><nameUrl value="StructureDefinition-bw-lab-task.html"/><title value="BT Lab Workflow Task Resource"/><generation value="generated"/></page><page><nameUrl value="StructureDefinition-bw-patient.html"/><title value="Botswana Patient"/><generation value="generated"/></page><page><nameUrl value="StructureDefinition-bw-national-identifier.html"/><title value="Botswana National Identifier"/><generation value="generated"/></page><page><nameUrl value="ValueSet-bw-lab-diagnostic-report-status-vs.html"/><title value="Botswana Diagnostic Report Status Flag"/><generation value="generated"/></page><page><nameUrl value="ValueSet-bw-lab-order-code-vs.html"/><title value="Botswana Lab Order Code"/><generation value="generated"/></page><page><nameUrl value="ValueSet-bw-lab-task-intent-vs.html"/><title value="Botswana Intent for Lab Task"/><generation value="generated"/></page><page><nameUrl value="ValueSet-bw-lab-task-status-vs.html"/><title value="Botswana Status for Lab Task"/><generation value="generated"/></page><page><nameUrl value="Patient-example-bw-patient.html"/><title value="BW Patient"/><generation value="generated"/></page></page></page><parameter><code value="path-resource"/><value value="input/capabilities"/></parameter><parameter><code value="path-resource"/><value value="input/examples"/></parameter><parameter><code value="path-resource"/><value value="input/extensions"/></parameter><parameter><code value="path-resource"/><value value="input/models"/></parameter><parameter><code value="path-resource"/><value value="input/operations"/></parameter><parameter><code value="path-resource"/><value value="input/profiles"/></parameter><parameter><code value="path-resource"/><value value="input/resources"/></parameter><parameter><code value="path-resource"/><value value="input/vocabulary"/></parameter><parameter><code value="path-resource"/><value value="input/maps"/></parameter><parameter><code value="path-resource"/><value value="input/testing"/></parameter><parameter><code value="path-resource"/><value value="input/history"/></parameter><parameter><code value="path-resource"/><value value="fsh-generated/resources"/></parameter><parameter><code value="path-pages"/><value value="template/config"/></parameter><parameter><code value="path-pages"/><value value="input/images"/></parameter><parameter><code value="path-tx-cache"/><value value="input-cache/txcache"/></parameter></definition></ImplementationGuide>