<?xml version="1.0" encoding="UTF-8"?><ImplementationGuide xmlns="http://hl7.org/fhir"><id value="openhie.fhir.emr.lis"/><text><status value="extensions"/><div xmlns="http://www.w3.org/1999/xhtml"><h2>EmrLisCommunication</h2><p>The official URL for this implementation guide is: </p><pre>http://openhie.org/fhir/ImplementationGuide/ImplementationGuide/openhie.fhir.emr.lis</pre><div><p>Lab order communication between EMRs and LISs</p>
</div></div></text><url value="http://openhie.org/fhir/ImplementationGuide/ImplementationGuide/openhie.fhir.emr.lis"/><version value="0.1.0-test"/><name value="EmrLisCommunication"/><title value="EMR LIS Communication"/><status value="draft"/><experimental value="false"/><date value="2021-05-31T10:07:31+00:00"/><publisher value="I-TECH-UW"/><contact><telecom><system value="url"/><value value="https://www.washington.edu/research/research-centers/international-training-and-education-center-for-health-i-tech/"/></telecom></contact><description value="Lab order communication between EMRs and LISs"/><jurisdiction><coding><system value="http://unstats.un.org/unsd/methods/m49/m49.htm"/><code value="001"/></coding></jurisdiction><packageId value="openhie.fhir.emr.lims"/><license value="CC0-1.0"/><fhirVersion value="4.0.1"/><definition><extension url="http://hl7.org/fhir/tools/StructureDefinition/ig-parameter"><extension url="code"><valueString value="copyrightyear"/></extension><extension url="value"><valueString value="2021+"/></extension></extension><extension url="http://hl7.org/fhir/tools/StructureDefinition/ig-parameter"><extension url="code"><valueString value="releaselabel"/></extension><extension url="value"><valueString value="CI Build"/></extension></extension><extension url="http://hl7.org/fhir/tools/StructureDefinition/ig-parameter"><extension url="code"><valueString value="path-binary"/></extension><extension url="value"><valueString value="input\cql"/></extension></extension><extension url="http://hl7.org/fhir/tools/StructureDefinition/ig-parameter"><extension url="code"><valueString value="path-liquid"/></extension><extension url="value"><valueString value="templates\liquid"/></extension></extension><extension url="http://hl7.org/fhir/tools/StructureDefinition/ig-parameter"><extension url="code"><valueString value="autoload-resources"/></extension><extension url="value"><valueString value="true"/></extension></extension><extension url="http://hl7.org/fhir/tools/StructureDefinition/ig-parameter"><extension url="code"><valueString value="path-liquid"/></extension><extension url="value"><valueString value="template/liquid"/></extension></extension><extension url="http://hl7.org/fhir/tools/StructureDefinition/ig-parameter"><extension url="code"><valueString value="path-liquid"/></extension><extension url="value"><valueString value="input/liquid"/></extension></extension><extension url="http://hl7.org/fhir/tools/StructureDefinition/ig-parameter"><extension url="code"><valueString value="path-qa"/></extension><extension url="value"><valueString value="temp/qa"/></extension></extension><extension url="http://hl7.org/fhir/tools/StructureDefinition/ig-parameter"><extension url="code"><valueString value="path-temp"/></extension><extension url="value"><valueString value="temp/pages"/></extension></extension><extension url="http://hl7.org/fhir/tools/StructureDefinition/ig-parameter"><extension url="code"><valueString value="path-output"/></extension><extension url="value"><valueString value="output"/></extension></extension><extension url="http://hl7.org/fhir/tools/StructureDefinition/ig-parameter"><extension url="code"><valueString value="path-suppressed-warnings"/></extension><extension url="value"><valueString value="input/ignoreWarnings.txt"/></extension></extension><extension url="http://hl7.org/fhir/tools/StructureDefinition/ig-parameter"><extension url="code"><valueString value="path-history"/></extension><extension url="value"><valueString value="http://openhie.org/fhir/history.html"/></extension></extension><extension url="http://hl7.org/fhir/tools/StructureDefinition/ig-parameter"><extension url="code"><valueString value="template-html"/></extension><extension url="value"><valueString value="template-page.html"/></extension></extension><extension url="http://hl7.org/fhir/tools/StructureDefinition/ig-parameter"><extension url="code"><valueString value="template-md"/></extension><extension url="value"><valueString value="template-page-md.html"/></extension></extension><extension url="http://hl7.org/fhir/tools/StructureDefinition/ig-parameter"><extension url="code"><valueString value="apply-contact"/></extension><extension url="value"><valueString value="true"/></extension></extension><extension url="http://hl7.org/fhir/tools/StructureDefinition/ig-parameter"><extension url="code"><valueString value="apply-context"/></extension><extension url="value"><valueString value="true"/></extension></extension><extension url="http://hl7.org/fhir/tools/StructureDefinition/ig-parameter"><extension url="code"><valueString value="apply-copyright"/></extension><extension url="value"><valueString value="true"/></extension></extension><extension url="http://hl7.org/fhir/tools/StructureDefinition/ig-parameter"><extension url="code"><valueString value="apply-jurisdiction"/></extension><extension url="value"><valueString value="true"/></extension></extension><extension url="http://hl7.org/fhir/tools/StructureDefinition/ig-parameter"><extension url="code"><valueString value="apply-license"/></extension><extension url="value"><valueString value="true"/></extension></extension><extension url="http://hl7.org/fhir/tools/StructureDefinition/ig-parameter"><extension url="code"><valueString value="apply-publisher"/></extension><extension url="value"><valueString value="true"/></extension></extension><extension url="http://hl7.org/fhir/tools/StructureDefinition/ig-parameter"><extension url="code"><valueString value="apply-version"/></extension><extension url="value"><valueString value="true"/></extension></extension><extension url="http://hl7.org/fhir/tools/StructureDefinition/ig-parameter"><extension url="code"><valueString value="active-tables"/></extension><extension url="value"><valueString value="true"/></extension></extension><grouping id="-str-profile"><name value="Structures: Resource Profiles"/><description value="These define constraints on FHIR resources for systems conforming to this implementation guide"/></grouping><grouping id="-str-datatype"><name value="Structures: Data Type Profiles"/><description value="These define constraints on FHIR data types for systems conforming to this implementation guide"/></grouping><grouping id="-str-extension"><name value="Structures: Extension Definitions"/><description value="These define constraints on FHIR data types for systems conforming to this implementation guide"/></grouping><grouping id="-term-valueset"><name value="Terminology: Value Sets"/><description value="These define sets of codes used by systems conforming to this implementation guide"/></grouping><resource><extension url="http://hl7.org/fhir/StructureDefinition/implementationguide-page"><valueUri value="ValueSet-emr-lab-task-intent-vs.html"/></extension><reference><reference value="ValueSet/emr-lab-task-intent-vs"/></reference><name value="EMR-LIS Intent for Task"/><description value="The intent of the task, subset from https://www.hl7.org/FHIR/valueset-task-intent.html"/><groupingId value="-term-valueset"/></resource><resource><extension url="http://hl7.org/fhir/StructureDefinition/implementationguide-page"><valueUri value="StructureDefinition-emr-lab-encounter.html"/></extension><reference><reference value="StructureDefinition/emr-lab-encounter"/></reference><name value="EMR-LIS Encounter"/><description value="Encounter resource associated with the Service Request for a lab order generated by the EMR"/><groupingId value="-str-profile"/></resource><resource><extension url="http://hl7.org/fhir/StructureDefinition/implementationguide-page"><valueUri value="ValueSet-emr-lab-order-code-vs.html"/></extension><reference><reference value="ValueSet/emr-lab-order-code-vs"/></reference><name value="EMR Lab Order Code"/><description value="The code for the lab order requested in the EMR."/><groupingId value="-term-valueset"/></resource><resource><extension url="http://hl7.org/fhir/StructureDefinition/implementationguide-page"><valueUri value="StructureDefinition-emr-lab-service-request.html"/></extension><reference><reference value="StructureDefinition/emr-lab-service-request"/></reference><name value="EMR-LIS Service Request"/><description value="A service request created by an EMR representing an order for an LIS system"/><groupingId value="-str-profile"/></resource><resource><extension url="http://hl7.org/fhir/StructureDefinition/implementationguide-page"><valueUri value="StructureDefinition-emr-lab-observation.html"/></extension><reference><reference value="StructureDefinition/emr-lab-observation"/></reference><name value="EMR-LIS Observation"/><description value="Observation resource created by a LIS that representing a result for an order submitted by an EMR System"/><groupingId value="-str-profile"/></resource><resource><extension url="http://hl7.org/fhir/StructureDefinition/implementationguide-page"><valueUri value="StructureDefinition-emr-lis-patient-identifier-location.html"/></extension><reference><reference value="StructureDefinition/emr-lis-patient-identifier-location"/></reference><name value="EMR-LIS Patient Identifier Location Extension"/><description value="OpenMRS-specific location for OpenMRS ID Identifier"/><groupingId value="-str-extension"/></resource><resource><extension url="http://hl7.org/fhir/StructureDefinition/implementationguide-page"><valueUri value="ValueSet-emr-lab-task-status-vs.html"/></extension><reference><reference value="ValueSet/emr-lab-task-status-vs"/></reference><name value="EMR-LIS Status for Task"/><description value="The state of the task, subset from https://www.hl7.org/FHIR/valueset-task-status.html"/><groupingId value="-term-valueset"/></resource><resource><extension url="http://hl7.org/fhir/StructureDefinition/implementationguide-page"><valueUri value="StructureDefinition-emr-lab-patient.html"/></extension><reference><reference value="StructureDefinition/emr-lab-patient"/></reference><name value="EMR-LIS Workflow Patient"/><description value="A patient used for EMR - LIS lab order and result communication."/><groupingId value="-str-profile"/></resource><resource><extension url="http://hl7.org/fhir/StructureDefinition/implementationguide-page"><valueUri value="StructureDefinition-emr-lab-diagnostic-report.html"/></extension><reference><reference value="StructureDefinition/emr-lab-diagnostic-report"/></reference><name value="EMR-LIS Diagnostic Report"/><description value="DiagnosticReport resource created by a LIS that representing results of an order submitted from an EMR System"/><groupingId value="-str-profile"/></resource><resource><extension url="http://hl7.org/fhir/StructureDefinition/implementationguide-page"><valueUri value="StructureDefinition-emr-lab-task.html"/></extension><reference><reference value="StructureDefinition/emr-lab-task"/></reference><name value="EMR-LIS Workflow Task Resource"/><description value="A Task resource for tracking order state and synchronizing communication between an EMR and a LIS"/><groupingId value="-str-profile"/></resource><resource><extension url="http://hl7.org/fhir/StructureDefinition/implementationguide-page"><valueUri value="ValueSet-emr-lab-diagnostic-report-status-vs.html"/></extension><reference><reference value="ValueSet/emr-lab-diagnostic-report-status-vs"/></reference><name value="EMR-LIS Diagnostic Report Status Flag"/><description value="The status of the diagnostic report, subset from https://www.hl7.org/fhir/valueset-diagnostic-report-status.html"/><groupingId value="-term-valueset"/></resource><resource><extension url="http://hl7.org/fhir/StructureDefinition/implementationguide-page"><valueUri value="StructureDefinition-emr-lab-openmrs-identifier.html"/></extension><reference><reference value="StructureDefinition/emr-lab-openmrs-identifier"/></reference><name value="EMR-LIS Workflow OpenMRS Identifier"/><description value="A identifier for OpenMRS"/><groupingId value="-str-datatype"/></resource><page><nameUrl value="toc.html"/><title value="Table of Contents"/><generation value="html"/><page><nameUrl value="index.html"/><title value="Home Page"/><generation value="html"/></page><page><nameUrl value="downloads.html"/><title value="Useful Downloads"/><generation value="html"/></page><page><nameUrl value="changes.html"/><title value="IG Change History"/><generation value="html"/></page><page><nameUrl value="use_cases.html"/><title value="Use Case Overview"/><generation value="markdown"/></page><page><nameUrl value="system_specification.html"/><title value="System Requirements"/><generation value="markdown"/></page><page><nameUrl value="artifacts.html"/><title value="Artifacts Summary"/><generation value="html"/><page><nameUrl value="StructureDefinition-emr-lab-encounter.html"/><title value="EMR-LIS Encounter"/><generation value="generated"/></page><page><nameUrl value="StructureDefinition-emr-lab-service-request.html"/><title value="EMR-LIS Service Request"/><generation value="generated"/></page><page><nameUrl value="StructureDefinition-emr-lab-observation.html"/><title value="EMR-LIS Observation"/><generation value="generated"/></page><page><nameUrl value="StructureDefinition-emr-lab-patient.html"/><title value="EMR-LIS Workflow Patient"/><generation value="generated"/></page><page><nameUrl value="StructureDefinition-emr-lab-diagnostic-report.html"/><title value="EMR-LIS Diagnostic Report"/><generation value="generated"/></page><page><nameUrl value="StructureDefinition-emr-lab-task.html"/><title value="EMR-LIS Workflow Task Resource"/><generation value="generated"/></page><page><nameUrl value="StructureDefinition-emr-lab-openmrs-identifier.html"/><title value="EMR-LIS Workflow OpenMRS Identifier"/><generation value="generated"/></page><page><nameUrl value="StructureDefinition-emr-lis-patient-identifier-location.html"/><title value="EMR-LIS Patient Identifier Location Extension"/><generation value="generated"/></page><page><nameUrl value="ValueSet-emr-lab-task-intent-vs.html"/><title value="EMR-LIS Intent for Task"/><generation value="generated"/></page><page><nameUrl value="ValueSet-emr-lab-order-code-vs.html"/><title value="EMR Lab Order Code"/><generation value="generated"/></page><page><nameUrl value="ValueSet-emr-lab-task-status-vs.html"/><title value="EMR-LIS Status for Task"/><generation value="generated"/></page><page><nameUrl value="ValueSet-emr-lab-diagnostic-report-status-vs.html"/><title value="EMR-LIS Diagnostic Report Status Flag"/><generation value="generated"/></page></page></page><parameter><code value="path-resource"/><value value="input\history"/></parameter><parameter><code value="path-resource"/><value value="input\scenarios"/></parameter><parameter><code value="path-resource"/><value value="input/capabilities"/></parameter><parameter><code value="path-resource"/><value value="input/examples"/></parameter><parameter><code value="path-resource"/><value value="input/extensions"/></parameter><parameter><code value="path-resource"/><value value="input/models"/></parameter><parameter><code value="path-resource"/><value value="input/operations"/></parameter><parameter><code value="path-resource"/><value value="input/profiles"/></parameter><parameter><code value="path-resource"/><value value="input/resources"/></parameter><parameter><code value="path-resource"/><value value="input/vocabulary"/></parameter><parameter><code value="path-resource"/><value value="input/testing"/></parameter><parameter><code value="path-resource"/><value value="input/history"/></parameter><parameter><code value="path-resource"/><value value="fsh-generated/resources"/></parameter><parameter><code value="path-pages"/><value value="template/config"/></parameter><parameter><code value="path-pages"/><value value="input/images"/></parameter><parameter><code value="path-tx-cache"/><value value="input-cache/txcache"/></parameter></definition></ImplementationGuide>