<?xml version="1.0" encoding="UTF-8"?><ValueSet xmlns="http://hl7.org/fhir"><id value="bw-lab-task-status-vs"/><text><status value="generated"/><div xmlns="http://www.w3.org/1999/xhtml"><ul><li>Include these codes as defined in <code>http://hl7.org/fhir/ValueSet/task-status</code><table class="none"><tr><td style="white-space:nowrap"><b>Code</b></td><td><b>Display</b></td></tr><tr><td>task-status-requested</td><td>Requested</td></tr><tr><td>task-status-rejected</td><td>Rejected</td></tr><tr><td>task-status-accepted</td><td>Accepted</td></tr><tr><td>task-status-completed</td><td>Completed</td></tr></table></li></ul></div></text><url value="http://b-techbw.github.io/bw-lab-ig/ValueSet/bw-lab-task-status-vs"/><version value="0.2.0"/><name value="BwLabTaskStatusVS"/><title value="Botswana Status for Lab Task"/><status value="active"/><date value="2021-06-10T22:48:10+00:00"/><publisher value="B-TECHBW"/><contact><name value="B-TECHBW"/><telecom><system value="url"/><value value="www.github.com/b-techbw"/></telecom><telecom><system value="email"/><value value="pmanko@uw.edu"/></telecom></contact><description value="The status of the task, subset from https://www.hl7.org/FHIR/valueset-task-status.html"/><jurisdiction><coding><system value="http://unstats.un.org/unsd/methods/m49/m49.htm"/><code value="072"/></coding></jurisdiction><jurisdiction><coding><system value="urn:iso:std:iso:3166"/><code value="BW"/></coding></jurisdiction><compose><include><system value="http://hl7.org/fhir/ValueSet/task-status"/><concept><code value="task-status-requested"/><display value="Requested"/></concept><concept><code value="task-status-rejected"/><display value="Rejected"/></concept><concept><code value="task-status-accepted"/><display value="Accepted"/></concept><concept><code value="task-status-completed"/><display value="Completed"/></concept></include></compose></ValueSet>