<?xml version="1.0" encoding="UTF-8"?><ValueSet xmlns="http://hl7.org/fhir"><id value="bw-ipms-facility-code-vs"/><text><status value="generated"/><div xmlns="http://www.w3.org/1999/xhtml"><ul><li>Include all codes defined in <a href="CodeSystem-bw-ipms-facility-code-cs.html"><code>http://b-techbw.github.io/bw-lab-ig/CodeSystem/bw-ipms-facility-code-cs</code></a></li></ul></div></text><url value="http://b-techbw.github.io/bw-lab-ig/ValueSet/bw-ipms-facility-code-vs"/><version value="0.2.0"/><name value="BwIpmsFacilityCodeVS"/><title value="IPMS Facility Code Valueset"/><status value="active"/><date value="2022-02-05T01:33:00+00:00"/><publisher value="B-TECHBW"/><contact><name value="B-TECHBW"/><telecom><system value="url"/><value value="www.github.com/b-techbw"/></telecom><telecom><system value="email"/><value value="pmanko@uw.edu"/></telecom></contact><description value="IPMS Facility Code Valueset"/><jurisdiction><coding><system value="http://unstats.un.org/unsd/methods/m49/m49.htm"/><code value="072"/></coding></jurisdiction><jurisdiction><coding><system value="urn:iso:std:iso:3166"/><code value="BW"/></coding></jurisdiction><compose><include><system value="http://b-techbw.github.io/bw-lab-ig/CodeSystem/bw-ipms-facility-code-cs"/></include></compose></ValueSet>