<?xml version="1.0" encoding="UTF-8"?>

<Bundle xmlns="http://hl7.org/fhir">
  <id value="example-bw-lab-bundle"/>
  <type value="document"/>
  <entry>
    <resource>
      <Composition>
        <id value="example-bw-lab-composition"/>
        <meta>
          <profile value="http://b-techbw.github.io/bw-lab-ig/StructureDefinition/bw-lab-composition"/>
        </meta>
        <text>
          <status value="generated"/><div xmlns="http://www.w3.org/1999/xhtml"><p><b>Generated Narrative</b></p><p><b>status</b>: active</p><p><b>type</b>: <span title="Codes: ">document</span></p><p><b>date</b>: 2021-06-06</p><p><b>author</b>: <a href="example-bw-practitioner">example-bw-practitioner</a></p><p><b>title</b>: BW Lab Order Composition</p></div>
        </text>
        <status value="active"/>
        <type>
          <coding>
            <code value="document"/>
          </coding>
        </type>
        <subject>
          <reference value="Patient/example-bw-patient"/>
        </subject>
        <date value="2021-06-06"/>
        <author>
          <reference value="example-bw-practitioner"/>
        </author>
        <title value="BW Lab Order Composition"/>
        <section>
          <entry>
            <reference value="Task/example-bw-task-requested"/>
          </entry>
        </section>
      </Composition>
    </resource>
  </entry>
  <entry>
    <resource>
      <Patient>
        <id value="example-bw-patient"/>
        <meta>
          <profile value="http://b-techbw.github.io/bw-lab-ig/StructureDefinition/bw-patient"/>
        </meta>
        <text>
          <status value="generated"/><div xmlns="http://www.w3.org/1999/xhtml"><p><b>Generated Narrative</b></p><p><b>identifier</b>: MR: &lt;OmangNumber&gt;</p><p><b>name</b>: Bw TestPatient</p><p><b>gender</b>: female</p><p><b>birthDate</b>: 1988-03-02</p></div>
        </text>
        <identifier>
          <type>
            <coding>
              <code value="MR"/>
            </coding>
          </type>
          <system value="http://moh.bw.org/ext/identifier/omang"/>
          <value value="&lt;OmangNumber&gt;"/>
        </identifier>
        <name>
          <text value="Bw TestPatient"/>
        </name>
        <gender value="female"/>
        <birthDate value="1988-03-02"/>
      </Patient>
    </resource>
  </entry>
  <entry>
    <resource>
      <Practitioner>
        <id value="example-bw-pims-practitioner"/>
        <meta>
          <profile value="http://b-techbw.github.io/bw-lab-ig/StructureDefinition/bw-practitioner"/>
        </meta>
        <text>
          <status value="generated"/><div xmlns="http://www.w3.org/1999/xhtml"><p><b>Generated Narrative</b></p><p><b>identifier</b>: id: RequesterID</p><p><b>name</b>: BW PimsProvider</p></div>
        </text>
        <identifier>
          <system value="http://&lt;pims-instance-specific-url&gt;/ext/practitioner/identifier"/>
          <value value="RequesterID"/>
        </identifier>
        <name>
          <text value="BW PimsProvider"/>
        </name>
      </Practitioner>
    </resource>
  </entry>
  <entry>
    <resource>
      <Task>
        <id value="example-bw-task-requested"/>
        <meta>
          <profile value="http://b-techbw.github.io/bw-lab-ig/StructureDefinition/bw-lab-task"/>
        </meta>
        <text>
          <status value="generated"/><div xmlns="http://www.w3.org/1999/xhtml"><p><b>Generated Narrative</b></p><p><b>identifier</b>: id: PimsSpecificLabOrderID</p><p><b>basedOn</b>: </p><ul><li><a href="#ServiceRequest_example-bw-pims-service-request-1">See above (ServiceRequest/example-bw-pims-service-request-1)</a></li><li><a href="#ServiceRequest_example-bw-pims-service-request-2">See above (ServiceRequest/example-bw-pims-service-request-2)</a></li></ul><p><b>status</b>: requested</p><p><b>intent</b>: order</p><p><b>for</b>: <a href="#Patient_example-bw-patient">See above (Patient/example-bw-patient)</a></p><p><b>authoredOn</b>: 2021-05-20</p><p><b>owner</b>: <a href="#Practitioner_example-bw-pims-practitioner">See above (Practitioner/example-bw-pims-practitioner)</a></p></div>
        </text>
        <identifier>
          <system value="http://&lt;pims-instance-specific-url&gt;/ext/lab-task/identifier"/>
          <value value="PimsSpecificLabOrderID"/>
        </identifier>
        <basedOn>
          <reference value="ServiceRequest/example-bw-pims-service-request-1"/>
        </basedOn>
        <basedOn>
          <reference value="ServiceRequest/example-bw-pims-service-request-2"/>
        </basedOn>
        <status value="requested"/>
        <intent value="order"/>
        <for>
          <reference value="Patient/example-bw-patient"/>
        </for>
        <authoredOn value="2021-05-20"/>
        <owner>
          <reference value="Practitioner/example-bw-pims-practitioner"/>
        </owner>
      </Task>
    </resource>
  </entry>
  <entry>
    <resource>
      <ServiceRequest>
        <id value="example-bw-pims-service-request-profile"/>
        <meta>
          <profile value="http://b-techbw.github.io/bw-lab-ig/StructureDefinition/bw-lab-service-request"/>
        </meta>
        <text>
          <status value="generated"/><div xmlns="http://www.w3.org/1999/xhtml"><p><b>Generated Narrative</b></p><p><b>status</b>: active</p><p><b>intent</b>: order</p><p><b>code</b>: <span title="Codes: {http://moh.bw.org/ext/laboratory/pims-lab-profile-code pims-profile-code}">pims-profile-code</span></p><p><b>subject</b>: <a href="#Patient_example-bw-patient">See above (Patient/example-bw-patient)</a></p></div>
        </text>
        <status value="active"/>
        <intent value="order"/>
        <code>
          <coding>
            <system value="http://moh.bw.org/ext/laboratory/pims-lab-profile-code"/>
            <code value="pims-profile-code"/>
          </coding>
        </code>
        <subject>
          <reference value="Patient/example-bw-patient"/>
        </subject>
      </ServiceRequest>
    </resource>
  </entry>
  <entry>
    <resource>
      <ServiceRequest>
        <id value="example-bw-pims-service-request-1"/>
        <meta>
          <profile value="http://b-techbw.github.io/bw-lab-ig/StructureDefinition/bw-lab-service-request"/>
        </meta>
        <text>
          <status value="generated"/><div xmlns="http://www.w3.org/1999/xhtml"><p><b>Generated Narrative</b></p><p><b>basedOn</b>: <a href="#ServiceRequest_example-bw-pims-service-request-profile">See above (ServiceRequest/example-bw-pims-service-request-profile)</a></p><p><b>status</b>: active</p><p><b>intent</b>: order</p><p><b>code</b>: <span title="Codes: {http://moh.bw.org/ext/laboratory/pims-lab-test-code pims-labtest-code}">pims-labtest-code</span></p><p><b>subject</b>: <a href="#Patient_example-bw-patient">See above (Patient/example-bw-patient)</a></p></div>
        </text>
        <basedOn>
          <reference value="ServiceRequest/example-bw-pims-service-request-profile"/>
        </basedOn>
        <status value="active"/>
        <intent value="order"/>
        <code>
          <coding>
            <system value="http://moh.bw.org/ext/laboratory/pims-lab-test-code"/>
            <code value="pims-labtest-code"/>
          </coding>
        </code>
        <subject>
          <reference value="Patient/example-bw-patient"/>
        </subject>
      </ServiceRequest>
    </resource>
  </entry>
  <entry>
    <resource>
      <ServiceRequest>
        <id value="example-bw-pims-service-request-2"/>
        <meta>
          <profile value="http://b-techbw.github.io/bw-lab-ig/StructureDefinition/bw-lab-service-request"/>
        </meta>
        <text>
          <status value="generated"/><div xmlns="http://www.w3.org/1999/xhtml"><p><b>Generated Narrative</b></p><p><b>basedOn</b>: <a href="#ServiceRequest_example-bw-pims-service-request-profile">See above (ServiceRequest/example-bw-pims-service-request-profile)</a></p><p><b>status</b>: active</p><p><b>intent</b>: order</p><p><b>code</b>: <span title="Codes: {http://moh.bw.org/ext/laboratory/pims-lab-test-code pims-labtest-code}">pims-labtest-code</span></p><p><b>subject</b>: <a href="#Patient_example-bw-patient">See above (Patient/example-bw-patient)</a></p></div>
        </text>
        <basedOn>
          <reference value="ServiceRequest/example-bw-pims-service-request-profile"/>
        </basedOn>
        <status value="active"/>
        <intent value="order"/>
        <code>
          <coding>
            <system value="http://moh.bw.org/ext/laboratory/pims-lab-test-code"/>
            <code value="pims-labtest-code"/>
          </coding>
        </code>
        <subject>
          <reference value="Patient/example-bw-patient"/>
        </subject>
      </ServiceRequest>
    </resource>
  </entry>
</Bundle>