[
  {
    "id": "BwLabDataDictionary",
    "type": "StructureDefinition",
    "url": "http://b-techbw.github.io//StructureDefinition/BwLabDataDictionary",
    "version": "0.2.0",
    "name": "BwLabDataDictionary"
  },
  {
    "id": "bw-pims-lab-order-status-cs",
    "type": "CodeSystem",
    "url": "http://b-techbw.github.io/bw-lab-ig/CodeSystem/bw-pims-lab-order-status-cs",
    "version": "0.2.0",
    "name": "BwPimsLabOrderStatusCS"
  },
  {
    "id": "BwLabPimsOrderStatusDiagnosticReportCM",
    "type": "ConceptMap",
    "url": "http://b-techbw.github.io/bw-lab-ig/ConceptMap/BwLabPimsOrderStatusDiagnosticReportCM",
    "version": "0.2.0",
    "name": "BwLabPimsOrderStatusDiagnosticReportCM"
  },
  {
    "id": "BwLabPimsOrderStatusRequestCM",
    "type": "ConceptMap",
    "url": "http://b-techbw.github.io/bw-lab-ig/ConceptMap/BwLabPimsOrderStatusRequestCM",
    "version": "0.2.0",
    "name": "BwLabPimsOrderStatusRequestCM"
  },
  {
    "id": "BwLabPimsOrderStatusTaskCM",
    "type": "ConceptMap",
    "url": "http://b-techbw.github.io/bw-lab-ig/ConceptMap/BwLabPimsOrderStatusTaskCM",
    "version": "0.2.0",
    "name": "BwLabPimsOrderStatusTaskCM"
  },
  {
    "id": "fhir.bw.lab",
    "type": "ImplementationGuide",
    "url": "http://b-techbw.github.io/bw-lab-ig/ImplementationGuide/fhir.bw.lab",
    "version": "0.2.0",
    "name": "BwLabIG"
  },
  {
    "id": "bw-encounter",
    "type": "StructureDefinition",
    "url": "http://b-techbw.github.io/bw-lab-ig/StructureDefinition/bw-encounter",
    "version": "0.2.0",
    "name": "BwEncounter"
  },
  {
    "id": "bw-lab-composition",
    "type": "StructureDefinition",
    "url": "http://b-techbw.github.io/bw-lab-ig/StructureDefinition/bw-lab-composition",
    "version": "0.2.0",
    "name": "BwLabComposition"
  },
  {
    "id": "bw-lab-diagnostic-report",
    "type": "StructureDefinition",
    "url": "http://b-techbw.github.io/bw-lab-ig/StructureDefinition/bw-lab-diagnostic-report",
    "version": "0.2.0",
    "name": "BwLabDiagnosticReport"
  },
  {
    "id": "bw-lab-observation",
    "type": "StructureDefinition",
    "url": "http://b-techbw.github.io/bw-lab-ig/StructureDefinition/bw-lab-observation",
    "version": "0.2.0",
    "name": "BwLabObservation"
  },
  {
    "id": "bw-lab-service-request",
    "type": "StructureDefinition",
    "url": "http://b-techbw.github.io/bw-lab-ig/StructureDefinition/bw-lab-service-request",
    "version": "0.2.0",
    "name": "BwLabServiceRequest"
  },
  {
    "id": "bw-lab-task",
    "type": "StructureDefinition",
    "url": "http://b-techbw.github.io/bw-lab-ig/StructureDefinition/bw-lab-task",
    "version": "0.2.0",
    "name": "BwLabTask"
  },
  {
    "id": "bw-national-identifier",
    "type": "StructureDefinition",
    "url": "http://b-techbw.github.io/bw-lab-ig/StructureDefinition/bw-national-identifier",
    "version": "0.2.0",
    "name": "BwNationalIdentifier"
  },
  {
    "id": "bw-patient",
    "type": "StructureDefinition",
    "url": "http://b-techbw.github.io/bw-lab-ig/StructureDefinition/bw-patient",
    "version": "0.2.0",
    "name": "BwPatient"
  },
  {
    "id": "bw-practitioner",
    "type": "StructureDefinition",
    "url": "http://b-techbw.github.io/bw-lab-ig/StructureDefinition/bw-practitioner",
    "version": "0.2.0",
    "name": "BwPractitioner"
  },
  {
    "id": "bw-lab-diagnostic-report-status-vs",
    "type": "ValueSet",
    "url": "http://b-techbw.github.io/bw-lab-ig/ValueSet/bw-lab-diagnostic-report-status-vs",
    "version": "0.2.0",
    "name": "BwLabDiagnosticReportStatusVS"
  },
  {
    "id": "bw-lab-order-code-vs",
    "type": "ValueSet",
    "url": "http://b-techbw.github.io/bw-lab-ig/ValueSet/bw-lab-order-code-vs",
    "version": "0.2.0",
    "name": "BwLabOrderCodeVS"
  },
  {
    "id": "bw-lab-task-intent-vs",
    "type": "ValueSet",
    "url": "http://b-techbw.github.io/bw-lab-ig/ValueSet/bw-lab-task-intent-vs",
    "version": "0.2.0",
    "name": "BwLabTaskIntentVS"
  },
  {
    "id": "bw-lab-task-status-vs",
    "type": "ValueSet",
    "url": "http://b-techbw.github.io/bw-lab-ig/ValueSet/bw-lab-task-status-vs",
    "version": "0.2.0",
    "name": "BwLabTaskStatusVS"
  },
  {
    "id": "bw-pims-lab-order-status-vs",
    "type": "ValueSet",
    "url": "http://b-techbw.github.io/bw-lab-ig/ValueSet/bw-pims-lab-order-status-vs",
    "version": "0.2.0",
    "name": "BwPimsLabOrderStatusVS"
  }
]