[
  {
    "id": "BwLabDataDictionary",
    "type": "StructureDefinition",
    "url": "http://b-techbw.github.io//StructureDefinition/BwLabDataDictionary",
    "version": "0.2.0",
    "name": "BwLabDataDictionary"
  },
  {
    "id": "fhir.bw.lab",
    "type": "ImplementationGuide",
    "url": "http://b-techbw.github.io/bw-lab-ig/ImplementationGuide/fhir.bw.lab",
    "version": "0.2.0",
    "name": "BwLabIG"
  },
  {
    "id": "bw-encounter",
    "type": "StructureDefinition",
    "url": "http://b-techbw.github.io/bw-lab-ig/StructureDefinition/bw-encounter",
    "version": "0.2.0",
    "name": "BwEncounter"
  },
  {
    "id": "bw-lab-diagnostic-report",
    "type": "StructureDefinition",
    "url": "http://b-techbw.github.io/bw-lab-ig/StructureDefinition/bw-lab-diagnostic-report",
    "version": "0.2.0",
    "name": "BwLabDiagnosticReport"
  },
  {
    "id": "bw-lab-observation",
    "type": "StructureDefinition",
    "url": "http://b-techbw.github.io/bw-lab-ig/StructureDefinition/bw-lab-observation",
    "version": "0.2.0",
    "name": "BwLabObservation"
  },
  {
    "id": "bw-lab-service-request",
    "type": "StructureDefinition",
    "url": "http://b-techbw.github.io/bw-lab-ig/StructureDefinition/bw-lab-service-request",
    "version": "0.2.0",
    "name": "BwLabServiceRequest"
  },
  {
    "id": "bw-lab-task",
    "type": "StructureDefinition",
    "url": "http://b-techbw.github.io/bw-lab-ig/StructureDefinition/bw-lab-task",
    "version": "0.2.0",
    "name": "BwLabTask"
  },
  {
    "id": "bw-national-identifier",
    "type": "StructureDefinition",
    "url": "http://b-techbw.github.io/bw-lab-ig/StructureDefinition/bw-national-identifier",
    "version": "0.2.0",
    "name": "BwNationalIdentifier"
  },
  {
    "id": "bw-patient",
    "type": "StructureDefinition",
    "url": "http://b-techbw.github.io/bw-lab-ig/StructureDefinition/bw-patient",
    "version": "0.2.0",
    "name": "BwPatient"
  },
  {
    "id": "bw-lab-diagnostic-report-status-vs",
    "type": "ValueSet",
    "url": "http://b-techbw.github.io/bw-lab-ig/ValueSet/bw-lab-diagnostic-report-status-vs",
    "version": "0.2.0",
    "name": "BwLabDiagnosticReportStatusVS"
  },
  {
    "id": "bw-lab-order-code-vs",
    "type": "ValueSet",
    "url": "http://b-techbw.github.io/bw-lab-ig/ValueSet/bw-lab-order-code-vs",
    "version": "0.2.0",
    "name": "BwLabOrderCodeVS"
  },
  {
    "id": "bw-lab-task-intent-vs",
    "type": "ValueSet",
    "url": "http://b-techbw.github.io/bw-lab-ig/ValueSet/bw-lab-task-intent-vs",
    "version": "0.2.0",
    "name": "BwLabTaskIntentVS"
  },
  {
    "id": "bw-lab-task-status-vs",
    "type": "ValueSet",
    "url": "http://b-techbw.github.io/bw-lab-ig/ValueSet/bw-lab-task-status-vs",
    "version": "0.2.0",
    "name": "BwLabTaskStatusVS"
  },
  {
    "id": "PIMSPatient",
    "type": "StructureDefinition",
    "url": "http://https://b-techbw.github.io/emr-lis-bw-ig/StructureDefinition/PIMSPatient",
    "version": "0.2.0",
    "name": "PIMSPatient"
  },
  {
    "id": "EmrLisDataDictionary",
    "type": "StructureDefinition",
    "url": "http://openhie.github.io/covid-19/StructureDefinition/EmrLisDataDictionary",
    "version": "0.2.0",
    "name": "EmrLisDataDictionary"
  }
]