{
  "resourceType": "ConceptMap",
  "id": "BwPimsLabTestLoincCM",
  "text": {
    "status": "extensions",
    "div": "<div xmlns=\"http://www.w3.org/1999/xhtml\"><h2>BwPimsLabTestLoincCM (http://b-techbw.github.io/bw-lab-ig/ConceptMap/BwPimsLabTestLoincCM)</h2><p>Mapping from <a href=\"ValueSet-bw-pims-lab-test-vs.html\">http://b-techbw.github.io/bw-lab-ig/ValueSet/bw-pims-lab-test-vs</a> to <a href=\"http://terminology.hl7.org/2.1.0/CodeSystem-v3-loinc.html\">http://loinc.org</a></p><p>DRAFT (not intended for production usage). Published on Aug 25, 2021, 3:59:10 AM by B-TECHBW (B-TECHBW: <a href=\"www.github.com/b-techbw\">www.github.com/b-techbw</a>, <a href=\"mailto:pmanko@uw.edu\">pmanko@uw.edu</a>). </p><br/><table class=\"grid\"><tr><td><b>Source Code</b></td><td><b>Relationship</b></td><td><b>Destination Code</b></td></tr><tr><td>CD4</td><td><a href=\"http://hl7.org/fhir/R4/codesystem-concept-map-equivalence.html#equal\">is equal to</a></td><td>24467-3 (CD3+CD4+ (T4 helper) cells [#/volume] in Blood)</td></tr><tr><td>CD4%</td><td><a href=\"http://hl7.org/fhir/R4/codesystem-concept-map-equivalence.html#equal\">is equal to</a></td><td>8123-2 (CD3+CD4+ (T4 helper) cells/100 cells in Blood)</td></tr><tr><td>VL</td><td><a href=\"http://hl7.org/fhir/R4/codesystem-concept-map-equivalence.html#equal\">is equal to</a></td><td>20447-9 (HIV 1 RNA [#/volume] (viral load) in Serum or Plasma by NAA with probe detection)</td></tr><tr><td>PCV</td><td><a href=\"http://hl7.org/fhir/R4/codesystem-concept-map-equivalence.html#equal\">is equal to</a></td><td>1298-9 (Packed erythrocytes given [Volume])</td></tr><tr><td>WBC</td><td><a href=\"http://hl7.org/fhir/R4/codesystem-concept-map-equivalence.html#equal\">is equal to</a></td><td>26464-8 (Leukocytes [#/volume] in Blood)</td></tr><tr><td>NP%</td><td><a href=\"http://hl7.org/fhir/R4/codesystem-concept-map-equivalence.html#equal\">is equal to</a></td><td>32200-8 (Segmented neutrophils/100 leukocytes in Blood by Automated count)</td></tr><tr><td>AST</td><td><a href=\"http://hl7.org/fhir/R4/codesystem-concept-map-equivalence.html#equal\">is equal to</a></td><td>1920-8 (Aspartate aminotransferase [Enzymatic activity/volume] in Serum or Plasma)</td></tr><tr><td>GGT</td><td><a href=\"http://hl7.org/fhir/R4/codesystem-concept-map-equivalence.html#equal\">is equal to</a></td><td>2324-2 (Gamma glutamyl transferase [Enzymatic activity/volume] in Serum or Plasma)</td></tr><tr><td>ALPL</td><td><a href=\"http://hl7.org/fhir/R4/codesystem-concept-map-equivalence.html#equal\">is equal to</a></td><td>6768-6 (Alkaline phosphatase [Enzymatic activity/volume] in Serum or Plasma)</td></tr><tr><td>LIP</td><td><a href=\"http://hl7.org/fhir/R4/codesystem-concept-map-equivalence.html#equal\">is equal to</a></td><td>3040-3 (Lipase [Enzymatic activity/volume] in Serum or Plasma)</td></tr><tr><td>TGS</td><td><a href=\"http://hl7.org/fhir/R4/codesystem-concept-map-equivalence.html#equal\">is equal to</a></td><td>2571-8 (Triglyceride [Mass/volume] in Serum or Plasma)</td></tr><tr><td>Urea</td><td><a href=\"http://hl7.org/fhir/R4/codesystem-concept-map-equivalence.html#equal\">is equal to</a></td><td>3092-4 (Urea [Mass/volume] in Urine)</td></tr><tr><td>Na</td><td><a href=\"http://hl7.org/fhir/R4/codesystem-concept-map-equivalence.html#equal\">is equal to</a></td><td>2951-2 (Sodium [Moles/volume] in Serum or Plasma)</td></tr><tr><td>K</td><td><a href=\"http://hl7.org/fhir/R4/codesystem-concept-map-equivalence.html#equal\">is equal to</a></td><td>2823-3 (Potassium [Moles/volume] in Serum or Plasma)</td></tr><tr><td>MCV</td><td><a href=\"http://hl7.org/fhir/R4/codesystem-concept-map-equivalence.html#equal\">is equal to</a></td><td>30428-7 (MCV [Entitic volume])</td></tr></table></div>"
  },
  "url": "http://b-techbw.github.io/bw-lab-ig/ConceptMap/BwPimsLabTestLoincCM",
  "version": "0.2.0",
  "name": "BwPimsLabTestLoincCM",
  "status": "draft",
  "experimental": true,
  "date": "2021-08-25T03:59:10+00:00",
  "publisher": "B-TECHBW",
  "contact": [
    {
      "name": "B-TECHBW",
      "telecom": [
        {
          "system": "url",
          "value": "www.github.com/b-techbw"
        },
        {
          "system": "email",
          "value": "pmanko@uw.edu"
        }
      ]
    }
  ],
  "jurisdiction": [
    {
      "coding": [
        {
          "system": "http://unstats.un.org/unsd/methods/m49/m49.htm",
          "code": "072"
        }
      ]
    },
    {
      "coding": [
        {
          "system": "urn:iso:std:iso:3166",
          "code": "BW"
        }
      ]
    }
  ],
  "sourceCanonical": "http://b-techbw.github.io/bw-lab-ig/ValueSet/bw-pims-lab-test-vs",
  "targetUri": "http://loinc.org",
  "group": [
    {
      "source": "http://b-techbw.github.io/bw-lab-ig/ValueSet/bw-pims-lab-test-vs",
      "target": "http://loinc.org",
      "element": [
        {
          "code": "CD4",
          "target": [
            {
              "code": "24467-3",
              "equivalence": "equal"
            }
          ]
        },
        {
          "code": "CD4%",
          "target": [
            {
              "code": "8123-2",
              "equivalence": "equal"
            }
          ]
        },
        {
          "code": "VL",
          "target": [
            {
              "code": "20447-9",
              "equivalence": "equal"
            }
          ]
        },
        {
          "code": "PCV",
          "target": [
            {
              "code": "1298-9",
              "equivalence": "equal"
            }
          ]
        },
        {
          "code": "WBC",
          "target": [
            {
              "code": "26464-8",
              "equivalence": "equal"
            }
          ]
        },
        {
          "code": "NP%",
          "target": [
            {
              "code": "32200-8",
              "equivalence": "equal"
            }
          ]
        },
        {
          "code": "AST",
          "target": [
            {
              "code": "1920-8",
              "equivalence": "equal"
            }
          ]
        },
        {
          "code": "GGT",
          "target": [
            {
              "code": "2324-2",
              "equivalence": "equal"
            }
          ]
        },
        {
          "code": "ALPL",
          "target": [
            {
              "code": "6768-6",
              "equivalence": "equal"
            }
          ]
        },
        {
          "code": "LIP",
          "target": [
            {
              "code": "3040-3",
              "equivalence": "equal"
            }
          ]
        },
        {
          "code": "TGS",
          "target": [
            {
              "code": "2571-8",
              "equivalence": "equal"
            }
          ]
        },
        {
          "code": "Urea",
          "target": [
            {
              "code": "3092-4",
              "equivalence": "equal"
            }
          ]
        },
        {
          "code": "Na",
          "target": [
            {
              "code": "2951-2",
              "equivalence": "equal"
            }
          ]
        },
        {
          "code": "K",
          "target": [
            {
              "code": "2823-3",
              "equivalence": "equal"
            }
          ]
        },
        {
          "code": "MCV",
          "target": [
            {
              "code": "30428-7",
              "equivalence": "equal"
            }
          ]
        }
      ]
    }
  ]
}