<?xml version="1.0" encoding="UTF-8"?>

<ConceptMap xmlns="http://hl7.org/fhir">
  <id value="BwPimsLabTestLoincCM"/>
  <text>
    <status value="extensions"/><div xmlns="http://www.w3.org/1999/xhtml"><h2>BwPimsLabTestLoincCM (http://b-techbw.github.io/bw-lab-ig/ConceptMap/BwPimsLabTestLoincCM)</h2><p>Mapping from <a href="ValueSet-bw-pims-lab-test-vs.html">http://b-techbw.github.io/bw-lab-ig/ValueSet/bw-pims-lab-test-vs</a> to <a href="http://terminology.hl7.org/2.1.0/CodeSystem-v3-loinc.html">http://loinc.org</a></p><p>DRAFT (not intended for production usage). Published on Jun 16, 2021, 2:25:13 AM by B-TECHBW (B-TECHBW: <a href="www.github.com/b-techbw">www.github.com/b-techbw</a>, <a href="mailto:pmanko@uw.edu">pmanko@uw.edu</a>). </p><br/><table class="grid"><tr><td><b>Source Code</b></td><td><b>Relationship</b></td><td><b>Destination Code</b></td></tr><tr><td>CD4</td><td><a href="http://hl7.org/fhir/R4/codesystem-concept-map-equivalence.html#equal">is equal to</a></td><td>24467-3 (CD3+CD4+ (T4 helper) cells [#/volume] in Blood)</td></tr><tr><td>CD4%</td><td><a href="http://hl7.org/fhir/R4/codesystem-concept-map-equivalence.html#equal">is equal to</a></td><td>8123-2 (CD3+CD4+ (T4 helper) cells/100 cells in Blood)</td></tr><tr><td>VL</td><td><a href="http://hl7.org/fhir/R4/codesystem-concept-map-equivalence.html#equal">is equal to</a></td><td>20447-9 (HIV 1 RNA [#/volume] (viral load) in Serum or Plasma by NAA with probe detection)</td></tr><tr><td>PCV</td><td><a href="http://hl7.org/fhir/R4/codesystem-concept-map-equivalence.html#equal">is equal to</a></td><td>1298-9 (Packed erythrocytes given [Volume])</td></tr><tr><td>WBC</td><td><a href="http://hl7.org/fhir/R4/codesystem-concept-map-equivalence.html#equal">is equal to</a></td><td>26464-8 (Leukocytes [#/volume] in Blood)</td></tr><tr><td>NP%</td><td><a href="http://hl7.org/fhir/R4/codesystem-concept-map-equivalence.html#equal">is equal to</a></td><td>32200-8 (Segmented neutrophils/100 leukocytes in Blood by Automated count)</td></tr><tr><td>AST</td><td><a href="http://hl7.org/fhir/R4/codesystem-concept-map-equivalence.html#equal">is equal to</a></td><td>1920-8 (Aspartate aminotransferase [Enzymatic activity/volume] in Serum or Plasma)</td></tr><tr><td>GGT</td><td><a href="http://hl7.org/fhir/R4/codesystem-concept-map-equivalence.html#equal">is equal to</a></td><td>2324-2 (Gamma glutamyl transferase [Enzymatic activity/volume] in Serum or Plasma)</td></tr><tr><td>ALPL</td><td><a href="http://hl7.org/fhir/R4/codesystem-concept-map-equivalence.html#equal">is equal to</a></td><td>6768-6 (Alkaline phosphatase [Enzymatic activity/volume] in Serum or Plasma)</td></tr><tr><td>LIP</td><td><a href="http://hl7.org/fhir/R4/codesystem-concept-map-equivalence.html#equal">is equal to</a></td><td>3040-3 (Lipase [Enzymatic activity/volume] in Serum or Plasma)</td></tr><tr><td>TGS</td><td><a href="http://hl7.org/fhir/R4/codesystem-concept-map-equivalence.html#equal">is equal to</a></td><td>2571-8 (Triglyceride [Mass/volume] in Serum or Plasma)</td></tr><tr><td>Urea</td><td><a href="http://hl7.org/fhir/R4/codesystem-concept-map-equivalence.html#equal">is equal to</a></td><td>3092-4 (Urea [Mass/volume] in Urine)</td></tr><tr><td>Na</td><td><a href="http://hl7.org/fhir/R4/codesystem-concept-map-equivalence.html#equal">is equal to</a></td><td>2951-2 (Sodium [Moles/volume] in Serum or Plasma)</td></tr><tr><td>K</td><td><a href="http://hl7.org/fhir/R4/codesystem-concept-map-equivalence.html#equal">is equal to</a></td><td>2823-3 (Potassium [Moles/volume] in Serum or Plasma)</td></tr><tr><td>MCV</td><td><a href="http://hl7.org/fhir/R4/codesystem-concept-map-equivalence.html#equal">is equal to</a></td><td>30428-7 (MCV [Entitic volume])</td></tr></table></div>
  </text>
  <url value="http://b-techbw.github.io/bw-lab-ig/ConceptMap/BwPimsLabTestLoincCM"/>
  <version value="0.2.0"/>
  <name value="BwPimsLabTestLoincCM"/>
  <status value="draft"/>
  <experimental value="true"/>
  <date value="2021-06-16T02:25:13+00:00"/>
  <publisher value="B-TECHBW"/>
  <contact>
    <name value="B-TECHBW"/>
    <telecom>
      <system value="url"/>
      <value value="www.github.com/b-techbw"/>
    </telecom>
    <telecom>
      <system value="email"/>
      <value value="pmanko@uw.edu"/>
    </telecom>
  </contact>
  <jurisdiction>
    <coding>
      <system value="http://unstats.un.org/unsd/methods/m49/m49.htm"/>
      <code value="072"/>
    </coding>
  </jurisdiction>
  <jurisdiction>
    <coding>
      <system value="urn:iso:std:iso:3166"/>
      <code value="BW"/>
    </coding>
  </jurisdiction>
  <sourceCanonical value="http://b-techbw.github.io/bw-lab-ig/ValueSet/bw-pims-lab-test-vs"/>
  <targetUri value="http://loinc.org"/>
  <group>
    <source value="http://b-techbw.github.io/bw-lab-ig/ValueSet/bw-pims-lab-test-vs"/>
    <target value="http://loinc.org"/>
    <element>
      <code value="CD4"/>
      <target>
        <code value="24467-3"/>
        <equivalence value="equal"/>
      </target>
    </element>
    <element>
      <code value="CD4%"/>
      <target>
        <code value="8123-2"/>
        <equivalence value="equal"/>
      </target>
    </element>
    <element>
      <code value="VL"/>
      <target>
        <code value="20447-9"/>
        <equivalence value="equal"/>
      </target>
    </element>
    <element>
      <code value="PCV"/>
      <target>
        <code value="1298-9"/>
        <equivalence value="equal"/>
      </target>
    </element>
    <element>
      <code value="WBC"/>
      <target>
        <code value="26464-8"/>
        <equivalence value="equal"/>
      </target>
    </element>
    <element>
      <code value="NP%"/>
      <target>
        <code value="32200-8"/>
        <equivalence value="equal"/>
      </target>
    </element>
    <element>
      <code value="AST"/>
      <target>
        <code value="1920-8"/>
        <equivalence value="equal"/>
      </target>
    </element>
    <element>
      <code value="GGT"/>
      <target>
        <code value="2324-2"/>
        <equivalence value="equal"/>
      </target>
    </element>
    <element>
      <code value="ALPL"/>
      <target>
        <code value="6768-6"/>
        <equivalence value="equal"/>
      </target>
    </element>
    <element>
      <code value="LIP"/>
      <target>
        <code value="3040-3"/>
        <equivalence value="equal"/>
      </target>
    </element>
    <element>
      <code value="TGS"/>
      <target>
        <code value="2571-8"/>
        <equivalence value="equal"/>
      </target>
    </element>
    <element>
      <code value="Urea"/>
      <target>
        <code value="3092-4"/>
        <equivalence value="equal"/>
      </target>
    </element>
    <element>
      <code value="Na"/>
      <target>
        <code value="2951-2"/>
        <equivalence value="equal"/>
      </target>
    </element>
    <element>
      <code value="K"/>
      <target>
        <code value="2823-3"/>
        <equivalence value="equal"/>
      </target>
    </element>
    <element>
      <code value="MCV"/>
      <target>
        <code value="30428-7"/>
        <equivalence value="equal"/>
      </target>
    </element>
  </group>
</ConceptMap>