<?xml version="1.0" encoding="UTF-8"?>

<Bundle xmlns="http://hl7.org/fhir">
  <id value="f0b52b12-dc47-443e-87d5-957db9b4b201"/>
  <meta>
    <lastUpdated value="2021-06-16T19:16:37.643+00:00"/>
  </meta>
  <type value="collection"/>
  <entry>
    <fullUrl value="http://b-techbw.github.io/bw-lab-ig/ValueSet/bw-pims-lab-test-vs"/>
    <resource>
      <ValueSet>
        <id value="bw-pims-lab-test-vs"/>
        <text>
          <status value="generated"/>
          <div xmlns="http://www.w3.org/1999/xhtml">
            <p>This value set contains 26 concepts</p>
            <p style="border: black 1px dotted; background-color: #EEEEEE; padding: 8px; margin-bottom: 8px">Expansion based on 
              <a href="CodeSystem-bw-pims-lab-test-cs.html">PIMS Lab Test Code System v0.2.0 (CodeSystem)</a>
            </p>
            <p>All codes from system 
              <a href="CodeSystem-bw-pims-lab-test-cs.html">
                <code>http://b-techbw.github.io/bw-lab-ig/CodeSystem/bw-pims-lab-test-cs</code>
              </a>
            </p>
            <table class="codes">
              <tr>
                <td style="white-space:nowrap">
                  <b>Code</b>
                </td>
                <td>
                  <b>Display</b>
                </td>
                <td>
                  <b>Definition</b>
                </td>
              </tr>
              <tr>
                <td style="white-space:nowrap">
                  <a name="http---b-techbw.github.io-bw-lab-ig-CodeSystem-bw-pims-lab-test-cs-CD4"> </a>
                  <a href="CodeSystem-bw-pims-lab-test-cs.html#bw-pims-lab-test-cs-CD4">CD4</a>
                </td>
                <td>CD4 Count</td>
                <td>tblkLabTest#1 - CD4 count</td>
              </tr>
              <tr>
                <td style="white-space:nowrap">
                  <a name="http---b-techbw.github.io-bw-lab-ig-CodeSystem-bw-pims-lab-test-cs-CD4-"> </a>
                  <a href="CodeSystem-bw-pims-lab-test-cs.html#bw-pims-lab-test-cs-CD4.37">CD4%</a>
                </td>
                <td>CD4 Percentage</td>
                <td>tblkLabTest#2 - CD4 Percent</td>
              </tr>
              <tr>
                <td style="white-space:nowrap">
                  <a name="http---b-techbw.github.io-bw-lab-ig-CodeSystem-bw-pims-lab-test-cs-VL"> </a>
                  <a href="CodeSystem-bw-pims-lab-test-cs.html#bw-pims-lab-test-cs-VL">VL</a>
                </td>
                <td>Viral Load</td>
                <td>tblkLabTest#3 - Viral Load (HIV?)</td>
              </tr>
              <tr>
                <td style="white-space:nowrap">
                  <a name="http---b-techbw.github.io-bw-lab-ig-CodeSystem-bw-pims-lab-test-cs-PCV"> </a>
                  <a href="CodeSystem-bw-pims-lab-test-cs.html#bw-pims-lab-test-cs-PCV">PCV</a>
                </td>
                <td>Packed Cell Volume (PCV)</td>
                <td>tblkLabTest#4 - Packed Cell Volume</td>
              </tr>
              <tr>
                <td style="white-space:nowrap">
                  <a name="http---b-techbw.github.io-bw-lab-ig-CodeSystem-bw-pims-lab-test-cs-WBC"> </a>
                  <a href="CodeSystem-bw-pims-lab-test-cs.html#bw-pims-lab-test-cs-WBC">WBC</a>
                </td>
                <td>White Blood Cells(WBC)</td>
                <td>tblkLabTest#5 - White Blood Cells</td>
              </tr>
              <tr>
                <td style="white-space:nowrap">
                  <a name="http---b-techbw.github.io-bw-lab-ig-CodeSystem-bw-pims-lab-test-cs-NP-"> </a>
                  <a href="CodeSystem-bw-pims-lab-test-cs.html#bw-pims-lab-test-cs-NP.37">NP%</a>
                </td>
                <td>Neutrophils %</td>
                <td>tblkLabTest#7 - Neutrophils %</td>
              </tr>
              <tr>
                <td style="white-space:nowrap">
                  <a name="http---b-techbw.github.io-bw-lab-ig-CodeSystem-bw-pims-lab-test-cs-AST"> </a>
                  <a href="CodeSystem-bw-pims-lab-test-cs.html#bw-pims-lab-test-cs-AST">AST</a>
                </td>
                <td>Aspartate Aminotrasferase</td>
                <td>tblkLabTest#9 - Aspartate aminotrasferase</td>
              </tr>
              <tr>
                <td style="white-space:nowrap">
                  <a name="http---b-techbw.github.io-bw-lab-ig-CodeSystem-bw-pims-lab-test-cs-GGT"> </a>
                  <a href="CodeSystem-bw-pims-lab-test-cs.html#bw-pims-lab-test-cs-GGT">GGT</a>
                </td>
                <td>Gamma Glutamyl Transferase</td>
                <td>tblkLabTest#10 - Gamma glutamyl transferase</td>
              </tr>
              <tr>
                <td style="white-space:nowrap">
                  <a name="http---b-techbw.github.io-bw-lab-ig-CodeSystem-bw-pims-lab-test-cs-ALPL"> </a>
                  <a href="CodeSystem-bw-pims-lab-test-cs.html#bw-pims-lab-test-cs-ALPL">ALPL</a>
                </td>
                <td>Alkaline Phosphatase</td>
                <td>tblkLabTest#11 - Alkaline Phosphatase</td>
              </tr>
              <tr>
                <td style="white-space:nowrap">
                  <a name="http---b-techbw.github.io-bw-lab-ig-CodeSystem-bw-pims-lab-test-cs-LIP"> </a>
                  <a href="CodeSystem-bw-pims-lab-test-cs.html#bw-pims-lab-test-cs-LIP">LIP</a>
                </td>
                <td>Lipase</td>
                <td>tblkLabTest#12 - Lipase</td>
              </tr>
              <tr>
                <td style="white-space:nowrap">
                  <a name="http---b-techbw.github.io-bw-lab-ig-CodeSystem-bw-pims-lab-test-cs-TGS"> </a>
                  <a href="CodeSystem-bw-pims-lab-test-cs.html#bw-pims-lab-test-cs-TGS">TGS</a>
                </td>
                <td>TGS</td>
                <td>tblkLabTest#13 - TGS</td>
              </tr>
              <tr>
                <td style="white-space:nowrap">
                  <a name="http---b-techbw.github.io-bw-lab-ig-CodeSystem-bw-pims-lab-test-cs-Urea"> </a>
                  <a href="CodeSystem-bw-pims-lab-test-cs.html#bw-pims-lab-test-cs-Urea">Urea</a>
                </td>
                <td>Urea</td>
                <td>tblkLabTest#14 - Urea</td>
              </tr>
              <tr>
                <td style="white-space:nowrap">
                  <a name="http---b-techbw.github.io-bw-lab-ig-CodeSystem-bw-pims-lab-test-cs-Na"> </a>
                  <a href="CodeSystem-bw-pims-lab-test-cs.html#bw-pims-lab-test-cs-Na">Na</a>
                </td>
                <td>Sodium</td>
                <td>tblkLabTest#15 - Sodium</td>
              </tr>
              <tr>
                <td style="white-space:nowrap">
                  <a name="http---b-techbw.github.io-bw-lab-ig-CodeSystem-bw-pims-lab-test-cs-K"> </a>
                  <a href="CodeSystem-bw-pims-lab-test-cs.html#bw-pims-lab-test-cs-K">K</a>
                </td>
                <td>Potassium</td>
                <td>tblkLabTest#16 - Potassium</td>
              </tr>
              <tr>
                <td style="white-space:nowrap">
                  <a name="http---b-techbw.github.io-bw-lab-ig-CodeSystem-bw-pims-lab-test-cs-PCR"> </a>
                  <a href="CodeSystem-bw-pims-lab-test-cs.html#bw-pims-lab-test-cs-PCR">PCR</a>
                </td>
                <td>DNA PCR</td>
                <td>tblkLabTest#17 - DNA PCR</td>
              </tr>
              <tr>
                <td style="white-space:nowrap">
                  <a name="http---b-techbw.github.io-bw-lab-ig-CodeSystem-bw-pims-lab-test-cs-Ag"> </a>
                  <a href="CodeSystem-bw-pims-lab-test-cs.html#bw-pims-lab-test-cs-Ag">Ag</a>
                </td>
                <td>Ag</td>
                <td>tblkLabTest#18 - DNA PCR</td>
              </tr>
              <tr>
                <td style="white-space:nowrap">
                  <a name="http---b-techbw.github.io-bw-lab-ig-CodeSystem-bw-pims-lab-test-cs-CST"> </a>
                  <a href="CodeSystem-bw-pims-lab-test-cs.html#bw-pims-lab-test-cs-CST">CST</a>
                </td>
                <td>Culture Sensitive Test</td>
                <td>tblkLabTest#19 - Culture Sensitive Test</td>
              </tr>
              <tr>
                <td style="white-space:nowrap">
                  <a name="http---b-techbw.github.io-bw-lab-ig-CodeSystem-bw-pims-lab-test-cs-MCV"> </a>
                  <a href="CodeSystem-bw-pims-lab-test-cs.html#bw-pims-lab-test-cs-MCV">MCV</a>
                </td>
                <td>Mean Cell Volume</td>
                <td>tblkLabTest#20 - Mean cell volume</td>
              </tr>
              <tr>
                <td style="white-space:nowrap">
                  <a name="http---b-techbw.github.io-bw-lab-ig-CodeSystem-bw-pims-lab-test-cs-Rapid"> </a>
                  <a href="CodeSystem-bw-pims-lab-test-cs.html#bw-pims-lab-test-cs-Rapid">Rapid</a>
                </td>
                <td>Rapid</td>
                <td>tblkLabTest#21 - Rapid</td>
              </tr>
              <tr>
                <td style="white-space:nowrap">
                  <a name="http---b-techbw.github.io-bw-lab-ig-CodeSystem-bw-pims-lab-test-cs-ELISA"> </a>
                  <a href="CodeSystem-bw-pims-lab-test-cs.html#bw-pims-lab-test-cs-ELISA">ELISA</a>
                </td>
                <td>ELISA</td>
                <td>tblkLabTest#22 - ELISA</td>
              </tr>
              <tr>
                <td style="white-space:nowrap">
                  <a name="http---b-techbw.github.io-bw-lab-ig-CodeSystem-bw-pims-lab-test-cs-UP"> </a>
                  <a href="CodeSystem-bw-pims-lab-test-cs.html#bw-pims-lab-test-cs-UP">UP</a>
                </td>
                <td>Urine Pregnancy</td>
                <td>tblkLabTest#23 - Urine pregnancy test</td>
              </tr>
              <tr>
                <td style="white-space:nowrap">
                  <a name="http---b-techbw.github.io-bw-lab-ig-CodeSystem-bw-pims-lab-test-cs-CXRAY"> </a>
                  <a href="CodeSystem-bw-pims-lab-test-cs.html#bw-pims-lab-test-cs-CXRAY">CXRAY</a>
                </td>
                <td>Chest X-Ray</td>
                <td>tblkLabTest#25 - Chest x-ray</td>
              </tr>
              <tr>
                <td style="white-space:nowrap">
                  <a name="http---b-techbw.github.io-bw-lab-ig-CodeSystem-bw-pims-lab-test-cs-PT"> </a>
                  <a href="CodeSystem-bw-pims-lab-test-cs.html#bw-pims-lab-test-cs-PT">PT</a>
                </td>
                <td>Pleural Tap</td>
                <td>tblkLabTest#26 - Pleural tap</td>
              </tr>
              <tr>
                <td style="white-space:nowrap">
                  <a name="http---b-techbw.github.io-bw-lab-ig-CodeSystem-bw-pims-lab-test-cs-CSF"> </a>
                  <a href="CodeSystem-bw-pims-lab-test-cs.html#bw-pims-lab-test-cs-CSF">CSF</a>
                </td>
                <td>CSF</td>
                <td>tblkLabTest#27 - CSF</td>
              </tr>
              <tr>
                <td style="white-space:nowrap">
                  <a name="http---b-techbw.github.io-bw-lab-ig-CodeSystem-bw-pims-lab-test-cs-LNB"> </a>
                  <a href="CodeSystem-bw-pims-lab-test-cs.html#bw-pims-lab-test-cs-LNB">LNB</a>
                </td>
                <td>Lymph Node Biopsy</td>
                <td>tblkLabTest#28 - Lymph node biopsy</td>
              </tr>
              <tr>
                <td style="white-space:nowrap">
                  <a name="http---b-techbw.github.io-bw-lab-ig-CodeSystem-bw-pims-lab-test-cs-SM"> </a>
                  <a href="CodeSystem-bw-pims-lab-test-cs.html#bw-pims-lab-test-cs-SM">SM</a>
                </td>
                <td>Sputum Microscopy</td>
                <td>tblkLabTest#130 - Sputum microscopy</td>
              </tr>
            </table>
          </div>
        </text>
        <url value="http://b-techbw.github.io/bw-lab-ig/ValueSet/bw-pims-lab-test-vs"/>
        <version value="0.2.0"/>
        <name value="BwPimsLabTestVS"/>
        <title value="PIMS Lab Test Codes"/>
        <status value="active"/>
        <date value="2021-06-16T19:16:37+00:00"/>
        <publisher value="B-TECHBW"/>
        <contact>
          <name value="B-TECHBW"/>
          <telecom>
            <system value="url"/>
            <value value="www.github.com/b-techbw"/>
          </telecom>
          <telecom>
            <system value="email"/>
            <value value="pmanko@uw.edu"/>
          </telecom>
        </contact>
        <description value="PIMS Lab Test Codes"/>
        <jurisdiction>
          <coding>
            <system value="http://unstats.un.org/unsd/methods/m49/m49.htm"/>
            <code value="072"/>
          </coding>
        </jurisdiction>
        <jurisdiction>
          <coding>
            <system value="urn:iso:std:iso:3166"/>
            <code value="BW"/>
          </coding>
        </jurisdiction>
        <expansion>
          <identifier value="urn:uuid:cd90a8f4-f61e-4367-83f6-1d299c3e836c"/>
          <timestamp value="2021-06-16T19:16:53+00:00"/>
          <total value="26"/>
          <parameter>
            <name value="excludeNested"/>
            <valueBoolean value="false"/>
          </parameter>
          <parameter>
            <name value="version"/>
            <valueUri value="http://b-techbw.github.io/bw-lab-ig/CodeSystem/bw-pims-lab-test-cs|0.2.0"/>
          </parameter>
          <contains>
            <system value="http://b-techbw.github.io/bw-lab-ig/CodeSystem/bw-pims-lab-test-cs"/>
            <code value="CD4"/>
            <display value="CD4 Count"/>
          </contains>
          <contains>
            <system value="http://b-techbw.github.io/bw-lab-ig/CodeSystem/bw-pims-lab-test-cs"/>
            <code value="CD4%"/>
            <display value="CD4 Percentage"/>
          </contains>
          <contains>
            <system value="http://b-techbw.github.io/bw-lab-ig/CodeSystem/bw-pims-lab-test-cs"/>
            <code value="VL"/>
            <display value="Viral Load"/>
          </contains>
          <contains>
            <system value="http://b-techbw.github.io/bw-lab-ig/CodeSystem/bw-pims-lab-test-cs"/>
            <code value="PCV"/>
            <display value="Packed Cell Volume (PCV)"/>
          </contains>
          <contains>
            <system value="http://b-techbw.github.io/bw-lab-ig/CodeSystem/bw-pims-lab-test-cs"/>
            <code value="WBC"/>
            <display value="White Blood Cells(WBC)"/>
          </contains>
          <contains>
            <system value="http://b-techbw.github.io/bw-lab-ig/CodeSystem/bw-pims-lab-test-cs"/>
            <code value="NP%"/>
            <display value="Neutrophils %"/>
          </contains>
          <contains>
            <system value="http://b-techbw.github.io/bw-lab-ig/CodeSystem/bw-pims-lab-test-cs"/>
            <code value="AST"/>
            <display value="Aspartate Aminotrasferase"/>
          </contains>
          <contains>
            <system value="http://b-techbw.github.io/bw-lab-ig/CodeSystem/bw-pims-lab-test-cs"/>
            <code value="GGT"/>
            <display value="Gamma Glutamyl Transferase"/>
          </contains>
          <contains>
            <system value="http://b-techbw.github.io/bw-lab-ig/CodeSystem/bw-pims-lab-test-cs"/>
            <code value="ALPL"/>
            <display value="Alkaline Phosphatase"/>
          </contains>
          <contains>
            <system value="http://b-techbw.github.io/bw-lab-ig/CodeSystem/bw-pims-lab-test-cs"/>
            <code value="LIP"/>
            <display value="Lipase"/>
          </contains>
          <contains>
            <system value="http://b-techbw.github.io/bw-lab-ig/CodeSystem/bw-pims-lab-test-cs"/>
            <code value="TGS"/>
            <display value="TGS"/>
          </contains>
          <contains>
            <system value="http://b-techbw.github.io/bw-lab-ig/CodeSystem/bw-pims-lab-test-cs"/>
            <code value="Urea"/>
            <display value="Urea"/>
          </contains>
          <contains>
            <system value="http://b-techbw.github.io/bw-lab-ig/CodeSystem/bw-pims-lab-test-cs"/>
            <code value="Na"/>
            <display value="Sodium"/>
          </contains>
          <contains>
            <system value="http://b-techbw.github.io/bw-lab-ig/CodeSystem/bw-pims-lab-test-cs"/>
            <code value="K"/>
            <display value="Potassium"/>
          </contains>
          <contains>
            <system value="http://b-techbw.github.io/bw-lab-ig/CodeSystem/bw-pims-lab-test-cs"/>
            <code value="PCR"/>
            <display value="DNA PCR"/>
          </contains>
          <contains>
            <system value="http://b-techbw.github.io/bw-lab-ig/CodeSystem/bw-pims-lab-test-cs"/>
            <code value="Ag"/>
            <display value="Ag"/>
          </contains>
          <contains>
            <system value="http://b-techbw.github.io/bw-lab-ig/CodeSystem/bw-pims-lab-test-cs"/>
            <code value="CST"/>
            <display value="Culture Sensitive Test"/>
          </contains>
          <contains>
            <system value="http://b-techbw.github.io/bw-lab-ig/CodeSystem/bw-pims-lab-test-cs"/>
            <code value="MCV"/>
            <display value="Mean Cell Volume"/>
          </contains>
          <contains>
            <system value="http://b-techbw.github.io/bw-lab-ig/CodeSystem/bw-pims-lab-test-cs"/>
            <code value="Rapid"/>
            <display value="Rapid"/>
          </contains>
          <contains>
            <system value="http://b-techbw.github.io/bw-lab-ig/CodeSystem/bw-pims-lab-test-cs"/>
            <code value="ELISA"/>
            <display value="ELISA"/>
          </contains>
          <contains>
            <system value="http://b-techbw.github.io/bw-lab-ig/CodeSystem/bw-pims-lab-test-cs"/>
            <code value="UP"/>
            <display value="Urine Pregnancy"/>
          </contains>
          <contains>
            <system value="http://b-techbw.github.io/bw-lab-ig/CodeSystem/bw-pims-lab-test-cs"/>
            <code value="CXRAY"/>
            <display value="Chest X-Ray"/>
          </contains>
          <contains>
            <system value="http://b-techbw.github.io/bw-lab-ig/CodeSystem/bw-pims-lab-test-cs"/>
            <code value="PT"/>
            <display value="Pleural Tap"/>
          </contains>
          <contains>
            <system value="http://b-techbw.github.io/bw-lab-ig/CodeSystem/bw-pims-lab-test-cs"/>
            <code value="CSF"/>
            <display value="CSF"/>
          </contains>
          <contains>
            <system value="http://b-techbw.github.io/bw-lab-ig/CodeSystem/bw-pims-lab-test-cs"/>
            <code value="LNB"/>
            <display value="Lymph Node Biopsy"/>
          </contains>
          <contains>
            <system value="http://b-techbw.github.io/bw-lab-ig/CodeSystem/bw-pims-lab-test-cs"/>
            <code value="SM"/>
            <display value="Sputum Microscopy"/>
          </contains>
        </expansion>
      </ValueSet>
    </resource>
  </entry>
  <entry>
    <fullUrl value="http://b-techbw.github.io/bw-lab-ig/ValueSet/bw-lab-diagnostic-report-status-vs"/>
    <resource>
      <ValueSet>
        <id value="bw-lab-diagnostic-report-status-vs"/>
        <text>
          <status value="generated"/>
          <div xmlns="http://www.w3.org/1999/xhtml">
            <p>This value set contains 5 concepts</p>
            <p style="border: black 1px dotted; background-color: #EEEEEE; padding: 8px; margin-bottom: 8px">Expansion based on 
              <a href="http://hl7.org/fhir/R4/codesystem-diagnostic-report-status.html">DiagnosticReportStatus v4.0.1 (CodeSystem)</a>
            </p>
            <p>All codes from system 
              <a href="http://hl7.org/fhir/R4/codesystem-diagnostic-report-status.html">
                <code>http://hl7.org/fhir/diagnostic-report-status</code>
              </a>
            </p>
            <table class="codes">
              <tr>
                <td style="white-space:nowrap">
                  <b>Code</b>
                </td>
                <td>
                  <b>Display</b>
                </td>
                <td>
                  <b>Definition</b>
                </td>
              </tr>
              <tr>
                <td style="white-space:nowrap">
                  <a name="http---hl7.org-fhir-diagnostic-report-status-diagnostic-report-status-partial"> </a>
                  <a href="http://hl7.org/fhir/R4/codesystem-diagnostic-report-status.html#diagnostic-report-status-diagnostic-report-status-partial">diagnostic-report-status-partial</a>
                </td>
                <td>Partial</td>
                <td/>
              </tr>
              <tr>
                <td style="white-space:nowrap">
                  <a name="http---hl7.org-fhir-diagnostic-report-status-diagnostic-report-status-final"> </a>
                  <a href="http://hl7.org/fhir/R4/codesystem-diagnostic-report-status.html#diagnostic-report-status-diagnostic-report-status-final">diagnostic-report-status-final</a>
                </td>
                <td>Final</td>
                <td/>
              </tr>
              <tr>
                <td style="white-space:nowrap">
                  <a name="http---hl7.org-fhir-diagnostic-report-status-diagnostic-report-status-unknown"> </a>
                  <a href="http://hl7.org/fhir/R4/codesystem-diagnostic-report-status.html#diagnostic-report-status-diagnostic-report-status-unknown">diagnostic-report-status-unknown</a>
                </td>
                <td>Unknown</td>
                <td/>
              </tr>
              <tr>
                <td style="white-space:nowrap">
                  <a name="http---hl7.org-fhir-diagnostic-report-status-diagnostic-report-status-canceled"> </a>
                  <a href="http://hl7.org/fhir/R4/codesystem-diagnostic-report-status.html#diagnostic-report-status-diagnostic-report-status-canceled">diagnostic-report-status-canceled</a>
                </td>
                <td>Canceled</td>
                <td/>
              </tr>
              <tr>
                <td style="white-space:nowrap">
                  <a name="http---hl7.org-fhir-diagnostic-report-status-diagnostic-report-status-amended"> </a>
                  <a href="http://hl7.org/fhir/R4/codesystem-diagnostic-report-status.html#diagnostic-report-status-diagnostic-report-status-amended">diagnostic-report-status-amended</a>
                </td>
                <td>Amended</td>
                <td/>
              </tr>
            </table>
          </div>
        </text>
        <url value="http://b-techbw.github.io/bw-lab-ig/ValueSet/bw-lab-diagnostic-report-status-vs"/>
        <version value="0.2.0"/>
        <name value="BwLabDiagnosticReportStatusVS"/>
        <title value="Botswana Diagnostic Report Status Flag"/>
        <status value="active"/>
        <date value="2021-06-16T19:16:37+00:00"/>
        <publisher value="B-TECHBW"/>
        <contact>
          <name value="B-TECHBW"/>
          <telecom>
            <system value="url"/>
            <value value="www.github.com/b-techbw"/>
          </telecom>
          <telecom>
            <system value="email"/>
            <value value="pmanko@uw.edu"/>
          </telecom>
        </contact>
        <description value="The status of the diagnostic report, subset from https://www.hl7.org/fhir/valueset-diagnostic-report-status.html"/>
        <jurisdiction>
          <coding>
            <system value="http://unstats.un.org/unsd/methods/m49/m49.htm"/>
            <code value="072"/>
          </coding>
        </jurisdiction>
        <jurisdiction>
          <coding>
            <system value="urn:iso:std:iso:3166"/>
            <code value="BW"/>
          </coding>
        </jurisdiction>
        <expansion>
          <identifier value="urn:uuid:97a0aa3c-f4b5-4341-a3fa-90172de18f0d"/>
          <timestamp value="2021-06-16T19:16:54+00:00"/>
          <total value="5"/>
          <parameter>
            <name value="excludeNested"/>
            <valueBoolean value="false"/>
          </parameter>
          <parameter>
            <name value="version"/>
            <valueUri value="http://hl7.org/fhir/diagnostic-report-status|4.0.1"/>
          </parameter>
          <contains>
            <system value="http://hl7.org/fhir/diagnostic-report-status"/>
            <code value="diagnostic-report-status-partial"/>
            <display value="Partial"/>
          </contains>
          <contains>
            <system value="http://hl7.org/fhir/diagnostic-report-status"/>
            <code value="diagnostic-report-status-final"/>
            <display value="Final"/>
          </contains>
          <contains>
            <system value="http://hl7.org/fhir/diagnostic-report-status"/>
            <code value="diagnostic-report-status-unknown"/>
            <display value="Unknown"/>
          </contains>
          <contains>
            <system value="http://hl7.org/fhir/diagnostic-report-status"/>
            <code value="diagnostic-report-status-canceled"/>
            <display value="Canceled"/>
          </contains>
          <contains>
            <system value="http://hl7.org/fhir/diagnostic-report-status"/>
            <code value="diagnostic-report-status-amended"/>
            <display value="Amended"/>
          </contains>
        </expansion>
      </ValueSet>
    </resource>
  </entry>
  <entry>
    <fullUrl value="http://b-techbw.github.io/bw-lab-ig/ValueSet/bw-pims-lab-class-vs"/>
    <resource>
      <ValueSet>
        <id value="bw-pims-lab-class-vs"/>
        <text>
          <status value="generated"/>
          <div xmlns="http://www.w3.org/1999/xhtml">
            <p>This value set contains 11 concepts</p>
            <p style="border: black 1px dotted; background-color: #EEEEEE; padding: 8px; margin-bottom: 8px">Expansion based on 
              <a href="CodeSystem-bw-pims-lab-class-cs.html">PIMS Lab Class Code System v0.2.0 (CodeSystem)</a>
            </p>
            <p>All codes from system 
              <a href="CodeSystem-bw-pims-lab-class-cs.html">
                <code>http://b-techbw.github.io/bw-lab-ig/CodeSystem/bw-pims-lab-class-cs</code>
              </a>
            </p>
            <table class="codes">
              <tr>
                <td style="white-space:nowrap">
                  <b>Code</b>
                </td>
                <td>
                  <b>Display</b>
                </td>
                <td>
                  <b>Definition</b>
                </td>
              </tr>
              <tr>
                <td style="white-space:nowrap">
                  <a name="http---b-techbw.github.io-bw-lab-ig-CodeSystem-bw-pims-lab-class-cs-CHM"> </a>
                  <a href="CodeSystem-bw-pims-lab-class-cs.html#bw-pims-lab-class-cs-CHM">CHM</a>
                </td>
                <td>Routine-Chemistry</td>
                <td>Routine chimestry was conducted on a lab specimen</td>
              </tr>
              <tr>
                <td style="white-space:nowrap">
                  <a name="http---b-techbw.github.io-bw-lab-ig-CodeSystem-bw-pims-lab-class-cs-MCB"> </a>
                  <a href="CodeSystem-bw-pims-lab-class-cs.html#bw-pims-lab-class-cs-MCB">MCB</a>
                </td>
                <td>Microbiology</td>
                <td>Microbiology of a lab specimen</td>
              </tr>
              <tr>
                <td style="white-space:nowrap">
                  <a name="http---b-techbw.github.io-bw-lab-ig-CodeSystem-bw-pims-lab-class-cs-HEM"> </a>
                  <a href="CodeSystem-bw-pims-lab-class-cs.html#bw-pims-lab-class-cs-HEM">HEM</a>
                </td>
                <td>Haematology</td>
                <td>Haematology of a lab specimen</td>
              </tr>
              <tr>
                <td style="white-space:nowrap">
                  <a name="http---b-techbw.github.io-bw-lab-ig-CodeSystem-bw-pims-lab-class-cs-PTH"> </a>
                  <a href="CodeSystem-bw-pims-lab-class-cs.html#bw-pims-lab-class-cs-PTH">PTH</a>
                </td>
                <td>Pathology</td>
                <td>Pathology of a lab specimen</td>
              </tr>
              <tr>
                <td style="white-space:nowrap">
                  <a name="http---b-techbw.github.io-bw-lab-ig-CodeSystem-bw-pims-lab-class-cs-IMG"> </a>
                  <a href="CodeSystem-bw-pims-lab-class-cs.html#bw-pims-lab-class-cs-IMG">IMG</a>
                </td>
                <td>Imaging</td>
                <td>Imaging of a lab specimen</td>
              </tr>
              <tr>
                <td style="white-space:nowrap">
                  <a name="http---b-techbw.github.io-bw-lab-ig-CodeSystem-bw-pims-lab-class-cs-END"> </a>
                  <a href="CodeSystem-bw-pims-lab-class-cs.html#bw-pims-lab-class-cs-END">END</a>
                </td>
                <td>Endocrinology</td>
                <td>Endocrinology of a lab specimen</td>
              </tr>
              <tr>
                <td style="white-space:nowrap">
                  <a name="http---b-techbw.github.io-bw-lab-ig-CodeSystem-bw-pims-lab-class-cs-IMU"> </a>
                  <a href="CodeSystem-bw-pims-lab-class-cs.html#bw-pims-lab-class-cs-IMU">IMU</a>
                </td>
                <td>Immunology</td>
                <td>Some order specimens were drawn</td>
              </tr>
              <tr>
                <td style="white-space:nowrap">
                  <a name="http---b-techbw.github.io-bw-lab-ig-CodeSystem-bw-pims-lab-class-cs-BBK"> </a>
                  <a href="CodeSystem-bw-pims-lab-class-cs.html#bw-pims-lab-class-cs-BBK">BBK</a>
                </td>
                <td>Blood-Bank</td>
                <td>Order was cancelled</td>
              </tr>
              <tr>
                <td style="white-space:nowrap">
                  <a name="http---b-techbw.github.io-bw-lab-ig-CodeSystem-bw-pims-lab-class-cs-VL"> </a>
                  <a href="CodeSystem-bw-pims-lab-class-cs.html#bw-pims-lab-class-cs-VL">VL</a>
                </td>
                <td>Immunology-Viral-Load</td>
                <td>Some order specimens were drawn</td>
              </tr>
              <tr>
                <td style="white-space:nowrap">
                  <a name="http---b-techbw.github.io-bw-lab-ig-CodeSystem-bw-pims-lab-class-cs-RS"> </a>
                  <a href="CodeSystem-bw-pims-lab-class-cs.html#bw-pims-lab-class-cs-RS">RS</a>
                </td>
                <td>Research-blood-draw</td>
                <td>Some order specimens were drawn</td>
              </tr>
              <tr>
                <td style="white-space:nowrap">
                  <a name="http---b-techbw.github.io-bw-lab-ig-CodeSystem-bw-pims-lab-class-cs-TB"> </a>
                  <a href="CodeSystem-bw-pims-lab-class-cs.html#bw-pims-lab-class-cs-TB">TB</a>
                </td>
                <td>TB-diagnostic</td>
                <td>Some order specimens were drawn</td>
              </tr>
            </table>
          </div>
        </text>
        <url value="http://b-techbw.github.io/bw-lab-ig/ValueSet/bw-pims-lab-class-vs"/>
        <version value="0.2.0"/>
        <name value="BwPimsLabClassVS"/>
        <title value="Status Values for PIMS Lab Orders"/>
        <status value="active"/>
        <date value="2021-06-16T19:16:37+00:00"/>
        <publisher value="B-TECHBW"/>
        <contact>
          <name value="B-TECHBW"/>
          <telecom>
            <system value="url"/>
            <value value="www.github.com/b-techbw"/>
          </telecom>
          <telecom>
            <system value="email"/>
            <value value="pmanko@uw.edu"/>
          </telecom>
        </contact>
        <jurisdiction>
          <coding>
            <system value="http://unstats.un.org/unsd/methods/m49/m49.htm"/>
            <code value="072"/>
          </coding>
        </jurisdiction>
        <jurisdiction>
          <coding>
            <system value="urn:iso:std:iso:3166"/>
            <code value="BW"/>
          </coding>
        </jurisdiction>
        <expansion>
          <identifier value="urn:uuid:299f7225-d8a1-46c9-964f-ef3305aa91df"/>
          <timestamp value="2021-06-16T19:16:54+00:00"/>
          <total value="11"/>
          <parameter>
            <name value="excludeNested"/>
            <valueBoolean value="false"/>
          </parameter>
          <parameter>
            <name value="version"/>
            <valueUri value="http://b-techbw.github.io/bw-lab-ig/CodeSystem/bw-pims-lab-class-cs|0.2.0"/>
          </parameter>
          <contains>
            <system value="http://b-techbw.github.io/bw-lab-ig/CodeSystem/bw-pims-lab-class-cs"/>
            <code value="CHM"/>
            <display value="Routine-Chemistry"/>
          </contains>
          <contains>
            <system value="http://b-techbw.github.io/bw-lab-ig/CodeSystem/bw-pims-lab-class-cs"/>
            <code value="MCB"/>
            <display value="Microbiology"/>
          </contains>
          <contains>
            <system value="http://b-techbw.github.io/bw-lab-ig/CodeSystem/bw-pims-lab-class-cs"/>
            <code value="HEM"/>
            <display value="Haematology"/>
          </contains>
          <contains>
            <system value="http://b-techbw.github.io/bw-lab-ig/CodeSystem/bw-pims-lab-class-cs"/>
            <code value="PTH"/>
            <display value="Pathology"/>
          </contains>
          <contains>
            <system value="http://b-techbw.github.io/bw-lab-ig/CodeSystem/bw-pims-lab-class-cs"/>
            <code value="IMG"/>
            <display value="Imaging"/>
          </contains>
          <contains>
            <system value="http://b-techbw.github.io/bw-lab-ig/CodeSystem/bw-pims-lab-class-cs"/>
            <code value="END"/>
            <display value="Endocrinology"/>
          </contains>
          <contains>
            <system value="http://b-techbw.github.io/bw-lab-ig/CodeSystem/bw-pims-lab-class-cs"/>
            <code value="IMU"/>
            <display value="Immunology"/>
          </contains>
          <contains>
            <system value="http://b-techbw.github.io/bw-lab-ig/CodeSystem/bw-pims-lab-class-cs"/>
            <code value="BBK"/>
            <display value="Blood-Bank"/>
          </contains>
          <contains>
            <system value="http://b-techbw.github.io/bw-lab-ig/CodeSystem/bw-pims-lab-class-cs"/>
            <code value="VL"/>
            <display value="Immunology-Viral-Load"/>
          </contains>
          <contains>
            <system value="http://b-techbw.github.io/bw-lab-ig/CodeSystem/bw-pims-lab-class-cs"/>
            <code value="RS"/>
            <display value="Research-blood-draw"/>
          </contains>
          <contains>
            <system value="http://b-techbw.github.io/bw-lab-ig/CodeSystem/bw-pims-lab-class-cs"/>
            <code value="TB"/>
            <display value="TB-diagnostic"/>
          </contains>
        </expansion>
      </ValueSet>
    </resource>
  </entry>
  <entry>
    <fullUrl value="http://b-techbw.github.io/bw-lab-ig/ValueSet/bw-pims-lab-profile-vs"/>
    <resource>
      <ValueSet>
        <id value="bw-pims-lab-profile-vs"/>
        <text>
          <status value="generated"/>
          <div xmlns="http://www.w3.org/1999/xhtml">
            <p>This value set contains 29 concepts</p>
            <p style="border: black 1px dotted; background-color: #EEEEEE; padding: 8px; margin-bottom: 8px">Expansion based on 
              <a href="CodeSystem-bw-pims-lab-profile-cs.html">PIMS Lab profile Code System v0.2.0 (CodeSystem)</a>
            </p>
            <p>All codes from system 
              <a href="CodeSystem-bw-pims-lab-profile-cs.html">
                <code>http://b-techbw.github.io/bw-lab-ig/CodeSystem/bw-pims-lab-profile-cs</code>
              </a>
            </p>
            <table class="codes">
              <tr>
                <td style="white-space:nowrap">
                  <b>Code</b>
                </td>
                <td>
                  <b>Display</b>
                </td>
                <td>
                  <b>Definition</b>
                </td>
              </tr>
              <tr>
                <td style="white-space:nowrap">
                  <a name="http---b-techbw.github.io-bw-lab-ig-CodeSystem-bw-pims-lab-profile-cs-CD4"> </a>
                  <a href="CodeSystem-bw-pims-lab-profile-cs.html#bw-pims-lab-profile-cs-CD4">CD4</a>
                </td>
                <td>CD4</td>
                <td/>
              </tr>
              <tr>
                <td style="white-space:nowrap">
                  <a name="http---b-techbw.github.io-bw-lab-ig-CodeSystem-bw-pims-lab-profile-cs-VL"> </a>
                  <a href="CodeSystem-bw-pims-lab-profile-cs.html#bw-pims-lab-profile-cs-VL">VL</a>
                </td>
                <td>Viral load</td>
                <td/>
              </tr>
              <tr>
                <td style="white-space:nowrap">
                  <a name="http---b-techbw.github.io-bw-lab-ig-CodeSystem-bw-pims-lab-profile-cs-FBC"> </a>
                  <a href="CodeSystem-bw-pims-lab-profile-cs.html#bw-pims-lab-profile-cs-FBC">FBC</a>
                </td>
                <td>Full blood count</td>
                <td/>
              </tr>
              <tr>
                <td style="white-space:nowrap">
                  <a name="http---b-techbw.github.io-bw-lab-ig-CodeSystem-bw-pims-lab-profile-cs-LFT"> </a>
                  <a href="CodeSystem-bw-pims-lab-profile-cs.html#bw-pims-lab-profile-cs-LFT">LFT</a>
                </td>
                <td>Liver function test</td>
                <td/>
              </tr>
              <tr>
                <td style="white-space:nowrap">
                  <a name="http---b-techbw.github.io-bw-lab-ig-CodeSystem-bw-pims-lab-profile-cs-UE"> </a>
                  <a href="CodeSystem-bw-pims-lab-profile-cs.html#bw-pims-lab-profile-cs-UE">UE</a>
                </td>
                <td>Urea and electrolytes</td>
                <td/>
              </tr>
              <tr>
                <td style="white-space:nowrap">
                  <a name="http---b-techbw.github.io-bw-lab-ig-CodeSystem-bw-pims-lab-profile-cs-CVC"> </a>
                  <a href="CodeSystem-bw-pims-lab-profile-cs.html#bw-pims-lab-profile-cs-CVC">CVC</a>
                </td>
                <td>Cervical cancer</td>
                <td/>
              </tr>
              <tr>
                <td style="white-space:nowrap">
                  <a name="http---b-techbw.github.io-bw-lab-ig-CodeSystem-bw-pims-lab-profile-cs-CREAT"> </a>
                  <a href="CodeSystem-bw-pims-lab-profile-cs.html#bw-pims-lab-profile-cs-CREAT">CREAT</a>
                </td>
                <td>Serum creatinine</td>
                <td/>
              </tr>
              <tr>
                <td style="white-space:nowrap">
                  <a name="http---b-techbw.github.io-bw-lab-ig-CodeSystem-bw-pims-lab-profile-cs-HB"> </a>
                  <a href="CodeSystem-bw-pims-lab-profile-cs.html#bw-pims-lab-profile-cs-HB">HB</a>
                </td>
                <td>Haemoglobin</td>
                <td/>
              </tr>
              <tr>
                <td style="white-space:nowrap">
                  <a name="http---b-techbw.github.io-bw-lab-ig-CodeSystem-bw-pims-lab-profile-cs-MAL"> </a>
                  <a href="CodeSystem-bw-pims-lab-profile-cs.html#bw-pims-lab-profile-cs-MAL">MAL</a>
                </td>
                <td>Malaria profile</td>
                <td/>
              </tr>
              <tr>
                <td style="white-space:nowrap">
                  <a name="http---b-techbw.github.io-bw-lab-ig-CodeSystem-bw-pims-lab-profile-cs-ERYTH"> </a>
                  <a href="CodeSystem-bw-pims-lab-profile-cs.html#bw-pims-lab-profile-cs-ERYTH">ERYTH</a>
                </td>
                <td>Erythrocyte sed rate</td>
                <td/>
              </tr>
              <tr>
                <td style="white-space:nowrap">
                  <a name="http---b-techbw.github.io-bw-lab-ig-CodeSystem-bw-pims-lab-profile-cs-UREA"> </a>
                  <a href="CodeSystem-bw-pims-lab-profile-cs.html#bw-pims-lab-profile-cs-UREA">UREA</a>
                </td>
                <td>Urea</td>
                <td/>
              </tr>
              <tr>
                <td style="white-space:nowrap">
                  <a name="http---b-techbw.github.io-bw-lab-ig-CodeSystem-bw-pims-lab-profile-cs-URAT"> </a>
                  <a href="CodeSystem-bw-pims-lab-profile-cs.html#bw-pims-lab-profile-cs-URAT">URAT</a>
                </td>
                <td>Urate</td>
                <td/>
              </tr>
              <tr>
                <td style="white-space:nowrap">
                  <a name="http---b-techbw.github.io-bw-lab-ig-CodeSystem-bw-pims-lab-profile-cs-BLCHEM"> </a>
                  <a href="CodeSystem-bw-pims-lab-profile-cs.html#bw-pims-lab-profile-cs-BLCHEM">BLCHEM</a>
                </td>
                <td>Baseline chemistry</td>
                <td/>
              </tr>
              <tr>
                <td style="white-space:nowrap">
                  <a name="http---b-techbw.github.io-bw-lab-ig-CodeSystem-bw-pims-lab-profile-cs-SKME"> </a>
                  <a href="CodeSystem-bw-pims-lab-profile-cs.html#bw-pims-lab-profile-cs-SKME">SKME</a>
                </td>
                <td>Skeletal muscle enzymes</td>
                <td/>
              </tr>
              <tr>
                <td style="white-space:nowrap">
                  <a name="http---b-techbw.github.io-bw-lab-ig-CodeSystem-bw-pims-lab-profile-cs-ALB"> </a>
                  <a href="CodeSystem-bw-pims-lab-profile-cs.html#bw-pims-lab-profile-cs-ALB">ALB</a>
                </td>
                <td>Albumin</td>
                <td/>
              </tr>
              <tr>
                <td style="white-space:nowrap">
                  <a name="http---b-techbw.github.io-bw-lab-ig-CodeSystem-bw-pims-lab-profile-cs-ALP"> </a>
                  <a href="CodeSystem-bw-pims-lab-profile-cs.html#bw-pims-lab-profile-cs-ALP">ALP</a>
                </td>
                <td>Alkaline phosphates</td>
                <td/>
              </tr>
              <tr>
                <td style="white-space:nowrap">
                  <a name="http---b-techbw.github.io-bw-lab-ig-CodeSystem-bw-pims-lab-profile-cs-ALT"> </a>
                  <a href="CodeSystem-bw-pims-lab-profile-cs.html#bw-pims-lab-profile-cs-ALT">ALT</a>
                </td>
                <td>Alinine amino tran</td>
                <td/>
              </tr>
              <tr>
                <td style="white-space:nowrap">
                  <a name="http---b-techbw.github.io-bw-lab-ig-CodeSystem-bw-pims-lab-profile-cs-BFL"> </a>
                  <a href="CodeSystem-bw-pims-lab-profile-cs.html#bw-pims-lab-profile-cs-BFL">BFL</a>
                </td>
                <td>Body fluids</td>
                <td/>
              </tr>
              <tr>
                <td style="white-space:nowrap">
                  <a name="http---b-techbw.github.io-bw-lab-ig-CodeSystem-bw-pims-lab-profile-cs-BCL"> </a>
                  <a href="CodeSystem-bw-pims-lab-profile-cs.html#bw-pims-lab-profile-cs-BCL">BCL</a>
                </td>
                <td>Blood cultures</td>
                <td/>
              </tr>
              <tr>
                <td style="white-space:nowrap">
                  <a name="http---b-techbw.github.io-bw-lab-ig-CodeSystem-bw-pims-lab-profile-cs-CE"> </a>
                  <a href="CodeSystem-bw-pims-lab-profile-cs.html#bw-pims-lab-profile-cs-CE">CE</a>
                </td>
                <td>Cardiac enzymes</td>
                <td/>
              </tr>
              <tr>
                <td style="white-space:nowrap">
                  <a name="http---b-techbw.github.io-bw-lab-ig-CodeSystem-bw-pims-lab-profile-cs-PE"> </a>
                  <a href="CodeSystem-bw-pims-lab-profile-cs.html#bw-pims-lab-profile-cs-PE">PE</a>
                </td>
                <td>Pancreatic enzymes</td>
                <td/>
              </tr>
              <tr>
                <td style="white-space:nowrap">
                  <a name="http---b-techbw.github.io-bw-lab-ig-CodeSystem-bw-pims-lab-profile-cs-LIP"> </a>
                  <a href="CodeSystem-bw-pims-lab-profile-cs.html#bw-pims-lab-profile-cs-LIP">LIP</a>
                </td>
                <td>Lipid profile</td>
                <td/>
              </tr>
              <tr>
                <td style="white-space:nowrap">
                  <a name="http---b-techbw.github.io-bw-lab-ig-CodeSystem-bw-pims-lab-profile-cs-NVP"> </a>
                  <a href="CodeSystem-bw-pims-lab-profile-cs.html#bw-pims-lab-profile-cs-NVP">NVP</a>
                </td>
                <td>NVP Chemistry</td>
                <td/>
              </tr>
              <tr>
                <td style="white-space:nowrap">
                  <a name="http---b-techbw.github.io-bw-lab-ig-CodeSystem-bw-pims-lab-profile-cs-REN"> </a>
                  <a href="CodeSystem-bw-pims-lab-profile-cs.html#bw-pims-lab-profile-cs-REN">REN</a>
                </td>
                <td>Kidney/Renal function tests</td>
                <td/>
              </tr>
              <tr>
                <td style="white-space:nowrap">
                  <a name="http---b-techbw.github.io-bw-lab-ig-CodeSystem-bw-pims-lab-profile-cs-BSCHEM"> </a>
                  <a href="CodeSystem-bw-pims-lab-profile-cs.html#bw-pims-lab-profile-cs-BSCHEM">BSCHEM</a>
                </td>
                <td>Basic chemistry</td>
                <td/>
              </tr>
              <tr>
                <td style="white-space:nowrap">
                  <a name="http---b-techbw.github.io-bw-lab-ig-CodeSystem-bw-pims-lab-profile-cs-DP"> </a>
                  <a href="CodeSystem-bw-pims-lab-profile-cs.html#bw-pims-lab-profile-cs-DP">DP</a>
                </td>
                <td>Diabetic profile</td>
                <td/>
              </tr>
              <tr>
                <td style="white-space:nowrap">
                  <a name="http---b-techbw.github.io-bw-lab-ig-CodeSystem-bw-pims-lab-profile-cs-COAG"> </a>
                  <a href="CodeSystem-bw-pims-lab-profile-cs.html#bw-pims-lab-profile-cs-COAG">COAG</a>
                </td>
                <td>Coagulation</td>
                <td/>
              </tr>
              <tr>
                <td style="white-space:nowrap">
                  <a name="http---b-techbw.github.io-bw-lab-ig-CodeSystem-bw-pims-lab-profile-cs-ANC"> </a>
                  <a href="CodeSystem-bw-pims-lab-profile-cs.html#bw-pims-lab-profile-cs-ANC">ANC</a>
                </td>
                <td>ANC profile</td>
                <td/>
              </tr>
              <tr>
                <td style="white-space:nowrap">
                  <a name="http---b-techbw.github.io-bw-lab-ig-CodeSystem-bw-pims-lab-profile-cs-ABO"> </a>
                  <a href="CodeSystem-bw-pims-lab-profile-cs.html#bw-pims-lab-profile-cs-ABO">ABO</a>
                </td>
                <td>ABO grouping</td>
                <td/>
              </tr>
            </table>
          </div>
        </text>
        <url value="http://b-techbw.github.io/bw-lab-ig/ValueSet/bw-pims-lab-profile-vs"/>
        <version value="0.2.0"/>
        <name value="BwPimsLabProfileVS"/>
        <title value="Status Values for PIMS Lab profile"/>
        <status value="active"/>
        <date value="2021-06-16T19:16:37+00:00"/>
        <publisher value="B-TECHBW"/>
        <contact>
          <name value="B-TECHBW"/>
          <telecom>
            <system value="url"/>
            <value value="www.github.com/b-techbw"/>
          </telecom>
          <telecom>
            <system value="email"/>
            <value value="pmanko@uw.edu"/>
          </telecom>
        </contact>
        <jurisdiction>
          <coding>
            <system value="http://unstats.un.org/unsd/methods/m49/m49.htm"/>
            <code value="072"/>
          </coding>
        </jurisdiction>
        <jurisdiction>
          <coding>
            <system value="urn:iso:std:iso:3166"/>
            <code value="BW"/>
          </coding>
        </jurisdiction>
        <expansion>
          <identifier value="urn:uuid:62121662-64fd-4cd9-8b2f-27b5985f2e3a"/>
          <timestamp value="2021-06-16T19:16:55+00:00"/>
          <total value="29"/>
          <parameter>
            <name value="excludeNested"/>
            <valueBoolean value="false"/>
          </parameter>
          <parameter>
            <name value="version"/>
            <valueUri value="http://b-techbw.github.io/bw-lab-ig/CodeSystem/bw-pims-lab-profile-cs|0.2.0"/>
          </parameter>
          <contains>
            <system value="http://b-techbw.github.io/bw-lab-ig/CodeSystem/bw-pims-lab-profile-cs"/>
            <code value="CD4"/>
            <display value="CD4"/>
          </contains>
          <contains>
            <system value="http://b-techbw.github.io/bw-lab-ig/CodeSystem/bw-pims-lab-profile-cs"/>
            <code value="VL"/>
            <display value="Viral load"/>
          </contains>
          <contains>
            <system value="http://b-techbw.github.io/bw-lab-ig/CodeSystem/bw-pims-lab-profile-cs"/>
            <code value="FBC"/>
            <display value="Full blood count"/>
          </contains>
          <contains>
            <system value="http://b-techbw.github.io/bw-lab-ig/CodeSystem/bw-pims-lab-profile-cs"/>
            <code value="LFT"/>
            <display value="Liver function test"/>
          </contains>
          <contains>
            <system value="http://b-techbw.github.io/bw-lab-ig/CodeSystem/bw-pims-lab-profile-cs"/>
            <code value="UE"/>
            <display value="Urea and electrolytes"/>
          </contains>
          <contains>
            <system value="http://b-techbw.github.io/bw-lab-ig/CodeSystem/bw-pims-lab-profile-cs"/>
            <code value="CVC"/>
            <display value="Cervical cancer"/>
          </contains>
          <contains>
            <system value="http://b-techbw.github.io/bw-lab-ig/CodeSystem/bw-pims-lab-profile-cs"/>
            <code value="CREAT"/>
            <display value="Serum creatinine"/>
          </contains>
          <contains>
            <system value="http://b-techbw.github.io/bw-lab-ig/CodeSystem/bw-pims-lab-profile-cs"/>
            <code value="HB"/>
            <display value="Haemoglobin"/>
          </contains>
          <contains>
            <system value="http://b-techbw.github.io/bw-lab-ig/CodeSystem/bw-pims-lab-profile-cs"/>
            <code value="MAL"/>
            <display value="Malaria profile"/>
          </contains>
          <contains>
            <system value="http://b-techbw.github.io/bw-lab-ig/CodeSystem/bw-pims-lab-profile-cs"/>
            <code value="ERYTH"/>
            <display value="Erythrocyte sed rate"/>
          </contains>
          <contains>
            <system value="http://b-techbw.github.io/bw-lab-ig/CodeSystem/bw-pims-lab-profile-cs"/>
            <code value="UREA"/>
            <display value="Urea"/>
          </contains>
          <contains>
            <system value="http://b-techbw.github.io/bw-lab-ig/CodeSystem/bw-pims-lab-profile-cs"/>
            <code value="URAT"/>
            <display value="Urate"/>
          </contains>
          <contains>
            <system value="http://b-techbw.github.io/bw-lab-ig/CodeSystem/bw-pims-lab-profile-cs"/>
            <code value="BLCHEM"/>
            <display value="Baseline chemistry"/>
          </contains>
          <contains>
            <system value="http://b-techbw.github.io/bw-lab-ig/CodeSystem/bw-pims-lab-profile-cs"/>
            <code value="SKME"/>
            <display value="Skeletal muscle enzymes"/>
          </contains>
          <contains>
            <system value="http://b-techbw.github.io/bw-lab-ig/CodeSystem/bw-pims-lab-profile-cs"/>
            <code value="ALB"/>
            <display value="Albumin"/>
          </contains>
          <contains>
            <system value="http://b-techbw.github.io/bw-lab-ig/CodeSystem/bw-pims-lab-profile-cs"/>
            <code value="ALP"/>
            <display value="Alkaline phosphates"/>
          </contains>
          <contains>
            <system value="http://b-techbw.github.io/bw-lab-ig/CodeSystem/bw-pims-lab-profile-cs"/>
            <code value="ALT"/>
            <display value="Alinine amino tran"/>
          </contains>
          <contains>
            <system value="http://b-techbw.github.io/bw-lab-ig/CodeSystem/bw-pims-lab-profile-cs"/>
            <code value="BFL"/>
            <display value="Body fluids"/>
          </contains>
          <contains>
            <system value="http://b-techbw.github.io/bw-lab-ig/CodeSystem/bw-pims-lab-profile-cs"/>
            <code value="BCL"/>
            <display value="Blood cultures"/>
          </contains>
          <contains>
            <system value="http://b-techbw.github.io/bw-lab-ig/CodeSystem/bw-pims-lab-profile-cs"/>
            <code value="CE"/>
            <display value="Cardiac enzymes"/>
          </contains>
          <contains>
            <system value="http://b-techbw.github.io/bw-lab-ig/CodeSystem/bw-pims-lab-profile-cs"/>
            <code value="PE"/>
            <display value="Pancreatic enzymes"/>
          </contains>
          <contains>
            <system value="http://b-techbw.github.io/bw-lab-ig/CodeSystem/bw-pims-lab-profile-cs"/>
            <code value="LIP"/>
            <display value="Lipid profile"/>
          </contains>
          <contains>
            <system value="http://b-techbw.github.io/bw-lab-ig/CodeSystem/bw-pims-lab-profile-cs"/>
            <code value="NVP"/>
            <display value="NVP Chemistry"/>
          </contains>
          <contains>
            <system value="http://b-techbw.github.io/bw-lab-ig/CodeSystem/bw-pims-lab-profile-cs"/>
            <code value="REN"/>
            <display value="Kidney/Renal function tests"/>
          </contains>
          <contains>
            <system value="http://b-techbw.github.io/bw-lab-ig/CodeSystem/bw-pims-lab-profile-cs"/>
            <code value="BSCHEM"/>
            <display value="Basic chemistry"/>
          </contains>
          <contains>
            <system value="http://b-techbw.github.io/bw-lab-ig/CodeSystem/bw-pims-lab-profile-cs"/>
            <code value="DP"/>
            <display value="Diabetic profile"/>
          </contains>
          <contains>
            <system value="http://b-techbw.github.io/bw-lab-ig/CodeSystem/bw-pims-lab-profile-cs"/>
            <code value="COAG"/>
            <display value="Coagulation"/>
          </contains>
          <contains>
            <system value="http://b-techbw.github.io/bw-lab-ig/CodeSystem/bw-pims-lab-profile-cs"/>
            <code value="ANC"/>
            <display value="ANC profile"/>
          </contains>
          <contains>
            <system value="http://b-techbw.github.io/bw-lab-ig/CodeSystem/bw-pims-lab-profile-cs"/>
            <code value="ABO"/>
            <display value="ABO grouping"/>
          </contains>
        </expansion>
      </ValueSet>
    </resource>
  </entry>
  <entry>
    <fullUrl value="http://b-techbw.github.io/bw-lab-ig/ValueSet/bw-pims-lab-order-status-vs"/>
    <resource>
      <ValueSet>
        <id value="bw-pims-lab-order-status-vs"/>
        <text>
          <status value="generated"/>
          <div xmlns="http://www.w3.org/1999/xhtml">
            <p>This value set contains 5 concepts</p>
            <p style="border: black 1px dotted; background-color: #EEEEEE; padding: 8px; margin-bottom: 8px">Expansion based on 
              <a href="CodeSystem-bw-pims-lab-order-status-cs.html">PIMS Lab Order Status Code System v0.2.0 (CodeSystem)</a>
            </p>
            <p>All codes from system 
              <a href="CodeSystem-bw-pims-lab-order-status-cs.html">
                <code>http://b-techbw.github.io/bw-lab-ig/CodeSystem/bw-pims-lab-order-status-cs</code>
              </a>
            </p>
            <table class="codes">
              <tr>
                <td style="white-space:nowrap">
                  <b>Code</b>
                </td>
                <td>
                  <b>Display</b>
                </td>
                <td>
                  <b>Definition</b>
                </td>
              </tr>
              <tr>
                <td style="white-space:nowrap">
                  <a name="http---b-techbw.github.io-bw-lab-ig-CodeSystem-bw-pims-lab-order-status-cs-ordered"> </a>
                  <a href="CodeSystem-bw-pims-lab-order-status-cs.html#bw-pims-lab-order-status-cs-ordered">ordered</a>
                </td>
                <td>Ordered</td>
                <td>Order was requested</td>
              </tr>
              <tr>
                <td style="white-space:nowrap">
                  <a name="http---b-techbw.github.io-bw-lab-ig-CodeSystem-bw-pims-lab-order-status-cs-fully-drawn"> </a>
                  <a href="CodeSystem-bw-pims-lab-order-status-cs.html#bw-pims-lab-order-status-cs-fully-drawn">fully-drawn</a>
                </td>
                <td>Fully-drawn</td>
                <td>All Order specimens were drawn</td>
              </tr>
              <tr>
                <td style="white-space:nowrap">
                  <a name="http---b-techbw.github.io-bw-lab-ig-CodeSystem-bw-pims-lab-order-status-cs-partially-resulted"> </a>
                  <a href="CodeSystem-bw-pims-lab-order-status-cs.html#bw-pims-lab-order-status-cs-partially-resulted">partially-resulted</a>
                </td>
                <td>Partially-resulted</td>
                <td>Partial results are available</td>
              </tr>
              <tr>
                <td style="white-space:nowrap">
                  <a name="http---b-techbw.github.io-bw-lab-ig-CodeSystem-bw-pims-lab-order-status-cs-cancelled"> </a>
                  <a href="CodeSystem-bw-pims-lab-order-status-cs.html#bw-pims-lab-order-status-cs-cancelled">cancelled</a>
                </td>
                <td>Cancelled</td>
                <td>Order was cancelled</td>
              </tr>
              <tr>
                <td style="white-space:nowrap">
                  <a name="http---b-techbw.github.io-bw-lab-ig-CodeSystem-bw-pims-lab-order-status-cs-partially-drawn"> </a>
                  <a href="CodeSystem-bw-pims-lab-order-status-cs.html#bw-pims-lab-order-status-cs-partially-drawn">partially-drawn</a>
                </td>
                <td>Partially-drawn</td>
                <td>Some order specimens were drawn</td>
              </tr>
            </table>
          </div>
        </text>
        <url value="http://b-techbw.github.io/bw-lab-ig/ValueSet/bw-pims-lab-order-status-vs"/>
        <version value="0.2.0"/>
        <name value="BwPimsLabOrderStatusVS"/>
        <title value="Status Values for PIMS Lab Orders"/>
        <status value="active"/>
        <date value="2021-06-16T19:16:37+00:00"/>
        <publisher value="B-TECHBW"/>
        <contact>
          <name value="B-TECHBW"/>
          <telecom>
            <system value="url"/>
            <value value="www.github.com/b-techbw"/>
          </telecom>
          <telecom>
            <system value="email"/>
            <value value="pmanko@uw.edu"/>
          </telecom>
        </contact>
        <jurisdiction>
          <coding>
            <system value="http://unstats.un.org/unsd/methods/m49/m49.htm"/>
            <code value="072"/>
          </coding>
        </jurisdiction>
        <jurisdiction>
          <coding>
            <system value="urn:iso:std:iso:3166"/>
            <code value="BW"/>
          </coding>
        </jurisdiction>
        <expansion>
          <identifier value="urn:uuid:589fb7d5-d011-45b5-83cf-0764d095dc3c"/>
          <timestamp value="2021-06-16T19:16:55+00:00"/>
          <total value="5"/>
          <parameter>
            <name value="excludeNested"/>
            <valueBoolean value="false"/>
          </parameter>
          <parameter>
            <name value="version"/>
            <valueUri value="http://b-techbw.github.io/bw-lab-ig/CodeSystem/bw-pims-lab-order-status-cs|0.2.0"/>
          </parameter>
          <contains>
            <system value="http://b-techbw.github.io/bw-lab-ig/CodeSystem/bw-pims-lab-order-status-cs"/>
            <code value="ordered"/>
            <display value="Ordered"/>
          </contains>
          <contains>
            <system value="http://b-techbw.github.io/bw-lab-ig/CodeSystem/bw-pims-lab-order-status-cs"/>
            <code value="fully-drawn"/>
            <display value="Fully-drawn"/>
          </contains>
          <contains>
            <system value="http://b-techbw.github.io/bw-lab-ig/CodeSystem/bw-pims-lab-order-status-cs"/>
            <code value="partially-resulted"/>
            <display value="Partially-resulted"/>
          </contains>
          <contains>
            <system value="http://b-techbw.github.io/bw-lab-ig/CodeSystem/bw-pims-lab-order-status-cs"/>
            <code value="cancelled"/>
            <display value="Cancelled"/>
          </contains>
          <contains>
            <system value="http://b-techbw.github.io/bw-lab-ig/CodeSystem/bw-pims-lab-order-status-cs"/>
            <code value="partially-drawn"/>
            <display value="Partially-drawn"/>
          </contains>
        </expansion>
      </ValueSet>
    </resource>
  </entry>
</Bundle>