<?xml version="1.0" encoding="UTF-8"?>

<Location xmlns="http://hl7.org/fhir">
  <id value="example-location-order-creator"/>
  <text>
    <status value="generated"/><div xmlns="http://www.w3.org/1999/xhtml"><p><b>Generated Narrative</b></p><div style="display: inline-block; background-color: #d9e0e7; padding: 6px; margin: 4px; border: 1px solid #8da1b4; border-radius: 5px; line-height: 60%"><p style="margin-bottom: 0px">Resource "example-location-order-creator" </p></div><p><b>status</b>: active</p><p><b>type</b>: HOSP <span style="background: LightGoldenRodYellow; margin: 4px; border: 1px solid khaki"> (unknown#HOSP)</span>, Facility <span style="background: LightGoldenRodYellow; margin: 4px; border: 1px solid khaki"> (ITI.mCSD#Facility)</span></p><p><b>physicalType</b>: bu <span style="background: LightGoldenRodYellow; margin: 4px; border: 1px solid khaki"> ([not stated]#bu)</span></p><p><b>managingOrganization</b>: <a href="Organization-example-facility-order-creator.html">Organization/example-facility-order-creator</a></p></div>
  </text>
  <status value="active"/>
  <type>
    <coding>
      <system value="urn:ietf:rfc:3986"/>
      <code value="HOSP"/>
    </coding>
  </type>
  <type>
    <coding>
      <system value="https://github.com/ihe/ITI.mCSD"/>
      <code value="Facility"/>
    </coding>
  </type>
  <physicalType>
    <coding>
      <code value="bu"/>
    </coding>
  </physicalType>
  <managingOrganization>
    <reference value="Organization/example-facility-order-creator"/>
  </managingOrganization>
</Location>