<?xml version="1.0" encoding="UTF-8"?>

<Observation xmlns="http://hl7.org/fhir">
  <id value="example-bw-ipms-obs-1"/>
  <meta>
    <profile value="http://b-techbw.github.io/bw-lab-ig/StructureDefinition/bw-lab-observation"/>
  </meta>
  <text>
    <status value="generated"/><div xmlns="http://www.w3.org/1999/xhtml"><p><b>Generated Narrative</b></p><p></p><p><b>category</b>: <span title="Codes: {http://terminology.hl7.org/CodeSystem/observation-category laboratory}">Laboratory</span></p><p><b>code</b>: <span title="Codes: {L COVID}">SARS-CoV-2 PCR</span></p><p><b>subject</b>: <a href="Patient-example-ipms-patient.html">Generated Summary: MR: urn:uuid:&lt;IPMS Patient ID&gt;, id: &lt;OmangNumber&gt; (OFFICIAL); Demo IpmsPatient (OFFICIAL); gender: male; birthDate: 1948-01-22</a></p><p><b>effective</b>: Jun 10, 2021, 3:49:00 PM</p><p><b>performer</b>: <a href="Organization-example-facility-order-reciever.html">Generated Summary: id: MOH001; active</a></p><p><b>value</b>: INCONCLUSIVE</p><p><b>interpretation</b>: <span title="Codes: {http://terminology.hl7.org/CodeSystem/v3-ObservationInterpretation N}">Normal</span></p></div>
  </text>
  <status value="final"/>
  <category>
    <coding>
      <system value="http://terminology.hl7.org/CodeSystem/observation-category"/>
      <code value="laboratory"/>
    </coding>
  </category>
  <code>
    <coding>
      <system value="L"/>
      <code value="COVID"/>
      <display value="SARS-CoV-2 PCR"/>
    </coding>
  </code>
  <subject>
    <reference value="Patient/example-ipms-patient"/>
    <type value="Patient"/>
  </subject>
  <effectiveDateTime value="2021-06-10T15:49:00.000Z"/>
  <performer>
    <reference value="Organization/example-facility-order-reciever"/>
  </performer>
  <valueString value="INCONCLUSIVE"/>
  <interpretation>
    <coding>
      <system value="http://terminology.hl7.org/CodeSystem/v3-ObservationInterpretation"/>
      <code value="N"/>
      <display value="Normal"/>
    </coding>
  </interpretation>
</Observation>