<?xml version="1.0" encoding="UTF-8"?>

<Observation xmlns="http://hl7.org/fhir">
  <id value="example-bw-ipms-obs-2"/>
  <meta>
    <profile value="http://b-techbw.github.io/bw-lab-ig/StructureDefinition/bw-lab-observation"/>
  </meta>
  <text>
    <status value="generated"/><div xmlns="http://www.w3.org/1999/xhtml"><p><b>Generated Narrative</b></p><div style="display: inline-block; background-color: #d9e0e7; padding: 6px; margin: 4px; border: 1px solid #8da1b4; border-radius: 5px; line-height: 60%"><p style="margin-bottom: 0px">Resource "example-bw-ipms-obs-2" </p><p style="margin-bottom: 0px">Profile: <a href="StructureDefinition-bw-lab-observation.html">Botswana Lab Observation</a></p></div><p><b>status</b>: final</p><p><b>category</b>: Laboratory <span style="background: LightGoldenRodYellow; margin: 4px; border: 1px solid khaki"> (<a href="http://terminology.hl7.org/3.0.0/CodeSystem-observation-category.html">Observation Category Codes</a>#laboratory)</span></p><p><b>code</b>: SARS-CoV-2 PCR REVIEW <span style="background: LightGoldenRodYellow; margin: 4px; border: 1px solid khaki"> (unknown#S-Cov-2-RVW)</span></p><p><b>subject</b>: <a href="Patient-example-ipms-patient.html">Patient/example-ipms-patient</a> " IPMSPATIENT"</p><p><b>effective</b>: 2021-06-10T15:49:00Z</p><p><b>performer</b>: <a href="Organization-example-facility-order-reciever.html">Organization/example-facility-order-reciever</a></p><p><b>value</b>: .</p><p><b>interpretation</b>: Normal <span style="background: LightGoldenRodYellow; margin: 4px; border: 1px solid khaki"> (<a href="http://terminology.hl7.org/3.0.0/CodeSystem-v3-ObservationInterpretation.html">ObservationInterpretation</a>#N)</span></p></div>
  </text>
  <status value="final"/>
  <category>
    <coding>
      <system value="http://terminology.hl7.org/CodeSystem/observation-category"/>
      <code value="laboratory"/>
    </coding>
  </category>
  <code>
    <coding>
      <system value="L"/>
      <code value="S-Cov-2-RVW"/>
      <display value="SARS-CoV-2 PCR REVIEW"/>
    </coding>
  </code>
  <subject>
    <reference value="Patient/example-ipms-patient"/>
    <type value="Patient"/>
  </subject>
  <effectiveDateTime value="2021-06-10T15:49:00.000Z"/>
  <performer>
    <reference value="Organization/example-facility-order-reciever"/>
  </performer>
  <valueString value="."/>
  <interpretation>
    <coding>
      <system value="http://terminology.hl7.org/CodeSystem/v3-ObservationInterpretation"/>
      <code value="N"/>
      <display value="Normal"/>
    </coding>
  </interpretation>
</Observation>