{
  "resourceType": "Patient",
  "id": "example-pims-patient-international",
  "meta": {
    "profile": [
      "http://b-techbw.github.io/bw-lab-ig/StructureDefinition/bw-patient"
    ]
  },
  "text": {
    "status": "generated",
    "div": "<div xmlns=\"http://www.w3.org/1999/xhtml\"><p><b>Generated Narrative</b></p><div style=\"display: inline-block; background-color: #d9e0e7; padding: 6px; margin: 4px; border: 1px solid #8da1b4; border-radius: 5px; line-height: 60%\"><p style=\"margin-bottom: 0px\">Resource \"example-pims-patient-international\" </p><p style=\"margin-bottom: 0px\">Profile: <a href=\"StructureDefinition-bw-patient.html\">Botswana Patient</a></p></div><p><b>identifier</b>: PPN: &lt;PassportNumber&gt;</p><p><b>name</b>: BwTest Patient </p><p><b>gender</b>: female</p><p><b>birthDate</b>: 1988-03-02</p></div>"
  },
  "identifier": [
    {
      "type": {
        "coding": [
          {
            "code": "PPN"
          }
        ]
      },
      "system": "urn:ietf:rfc:3986",
      "value": "<PassportNumber>"
    }
  ],
  "name": [
    {
      "family": "Patient",
      "given": [
        "BwTest"
      ]
    }
  ],
  "gender": "female",
  "birthDate": "1988-03-02"
}