<?xml version="1.0" encoding="UTF-8"?>

<Patient xmlns="http://hl7.org/fhir">
  <id value="example-bw-patient"/>
  <meta>
    <profile value="http://b-techbw.github.io/bw-lab-ig/StructureDefinition/bw-patient"/>
  </meta>
  <text>
    <status value="generated"/><div xmlns="http://www.w3.org/1999/xhtml"><p><b>Generated Narrative</b></p><p><b>identifier</b>: id: urn:uuid:647515ed-0d5e-4c99-b23d-073fbc593f76</p><p><b>name</b>: Bt TestPatient</p><p><b>gender</b>: female</p><p><b>birthDate</b>: 1988-03-02</p></div>
  </text>
  <identifier>
    <system value="urn:ietf:rfc:3986"/>
    <value value="urn:uuid:647515ed-0d5e-4c99-b23d-073fbc593f76"/>
  </identifier>
  <name>
    <text value="Bt TestPatient"/>
  </name>
  <gender value="female"/>
  <birthDate value="1988-03-02"/>
</Patient>