<?xml version="1.0" encoding="UTF-8"?>

<Patient xmlns="http://hl7.org/fhir">
  <id value="example-pims-patient-international"/>
  <meta>
    <profile value="http://b-techbw.github.io/bw-lab-ig/StructureDefinition/bw-patient"/>
  </meta>
  <text>
    <status value="generated"/><div xmlns="http://www.w3.org/1999/xhtml"><p><b>Generated Narrative</b></p><p><b>identifier</b>: PPN: &lt;PassportNumber&gt;</p><p><b>name</b>: Bw TestPatient</p><p><b>gender</b>: female</p><p><b>birthDate</b>: 1988-03-02</p></div>
  </text>
  <identifier>
    <type>
      <coding>
        <code value="PPN"/>
      </coding>
    </type>
    <system value="urn:ietf:rfc:3986"/>
    <value value="&lt;PassportNumber&gt;"/>
  </identifier>
  <name>
    <text value="Bw TestPatient"/>
  </name>
  <gender value="female"/>
  <birthDate value="1988-03-02"/>
</Patient>