{
  "resourceType": "Patient",
  "id": "example-bw-patient",
  "meta": {
    "profile": [
      "http://b-techbw.github.io/bw-lab-ig/StructureDefinition/bw-patient"
    ]
  },
  "text": {
    "status": "generated",
    "div": "<div xmlns=\"http://www.w3.org/1999/xhtml\"><p><b>Generated Narrative</b></p><p><b>identifier</b>: MR: &lt;OmangNumber&gt;</p><p><b>name</b>: Bw TestPatient</p><p><b>gender</b>: female</p><p><b>birthDate</b>: 1988-03-02</p></div>"
  },
  "identifier": [
    {
      "type": {
        "coding": [
          {
            "code": "MR"
          }
        ]
      },
      "system": "http://moh.bw.org/ext/identifier/omang",
      "value": "<OmangNumber>"
    }
  ],
  "name": [
    {
      "text": "Bw TestPatient"
    }
  ],
  "gender": "female",
  "birthDate": "1988-03-02"
}