{
  "resourceType": "ServiceRequest",
  "id": "example-bw-pims-service-request-profile",
  "meta": {
    "profile": [
      "http://b-techbw.github.io/bw-lab-ig/StructureDefinition/bw-basic-service-request"
    ]
  },
  "text": {
    "status": "generated",
    "div": "<div xmlns=\"http://www.w3.org/1999/xhtml\"><p><b>Generated Narrative</b></p><p><b>status</b>: active</p><p><b>intent</b>: order</p><p><b>code</b>: <span title=\"Codes: {http://moh.bw.org/ext/laboratory/pims-lab-profile-code pims-profile-code}\">pims-profile-code</span></p><p><b>subject</b>: <a href=\"Patient-example-pims-patient.html\">Generated Summary: MR: urn:uuid:&lt;Pims-specific Patient ID&gt;, id: &lt;OmangNumber&gt; (OFFICIAL); Test PimsPatient (OFFICIAL); gender: female; birthDate: 1988-03-02</a></p><p><b>performer</b>: <a href=\"Organization-example-facility-order-reciever.html\">Generated Summary: id: MOH001; active</a></p><p><b>locationReference</b>: <a href=\"Location-example-location-order-reciever.html\">Generated Summary: status: active; <span title=\"Codes: {urn:ietf:rfc:3986 HLAB}\">HLAB</span>, <span title=\"Codes: {https://github.com/ihe/ITI.mCSD Facility}\">Facility</span>; <span title=\"Codes: \">bu</span></a></p></div>"
  },
  "status": "active",
  "intent": "order",
  "code": {
    "coding": [
      {
        "system": "http://moh.bw.org/ext/laboratory/pims-lab-profile-code",
        "code": "pims-profile-code"
      }
    ]
  },
  "subject": {
    "reference": "Patient/example-pims-patient"
  },
  "performer": [
    {
      "reference": "Organization/example-facility-order-reciever"
    }
  ],
  "locationReference": [
    {
      "reference": "Location/example-location-order-reciever"
    }
  ]
}