<?xml version="1.0" encoding="UTF-8"?>

<ServiceRequest xmlns="http://hl7.org/fhir">
  <id value="example-bw-pims-service-request-1"/>
  <meta>
    <profile value="http://b-techbw.github.io/bw-lab-ig/StructureDefinition/bw-lab-service-request"/>
  </meta>
  <text>
    <status value="generated"/><div xmlns="http://www.w3.org/1999/xhtml"><p><b>Generated Narrative</b></p><p><b>basedOn</b>: <a href="ServiceRequest-example-bw-pims-service-request-profile.html">Generated Summary: status: active; intent: order; <span title="Codes: {http://moh.bw.org/ext/laboratory/pims-lab-profile-code pims-profile-code}">pims-profile-code</span></a></p><p><b>status</b>: active</p><p><b>intent</b>: order</p><p><b>code</b>: <span title="Codes: {http://moh.bw.org/ext/laboratory/pims-lab-test-code pims-labtest-code}">pims-labtest-code</span></p><p><b>subject</b>: <a href="Patient-example-bw-patient.html">Generated Summary: MR: &lt;OmangNumber&gt;; Bw TestPatient; gender: female; birthDate: 1988-03-02</a></p></div>
  </text>
  <basedOn>
    <reference value="ServiceRequest/example-bw-pims-service-request-profile"/>
  </basedOn>
  <status value="active"/>
  <intent value="order"/>
  <code>
    <coding>
      <system value="http://moh.bw.org/ext/laboratory/pims-lab-test-code"/>
      <code value="pims-labtest-code"/>
    </coding>
  </code>
  <subject>
    <reference value="Patient/example-bw-patient"/>
  </subject>
</ServiceRequest>