{
  "resourceType": "ServiceRequest",
  "id": "example-bw-pims-service-request-profile",
  "meta": {
    "profile": [
      "http://b-techbw.github.io/bw-lab-ig/StructureDefinition/bw-lab-service-request"
    ]
  },
  "text": {
    "status": "generated",
    "div": "<div xmlns=\"http://www.w3.org/1999/xhtml\"><p><b>Generated Narrative</b></p><p><b>status</b>: active</p><p><b>intent</b>: order</p><p><b>code</b>: <span title=\"Codes: {http://moh.bw.org/ext/laboratory/pims-lab-profile-code pims-profile-code}\">pims-profile-code</span></p><p><b>subject</b>: <a href=\"Patient-example-bw-patient.html\">Generated Summary: MR: &lt;OmangNumber&gt;; Bw TestPatient; gender: female; birthDate: 1988-03-02</a></p></div>"
  },
  "status": "active",
  "intent": "order",
  "code": {
    "coding": [
      {
        "system": "http://moh.bw.org/ext/laboratory/pims-lab-profile-code",
        "code": "pims-profile-code"
      }
    ]
  },
  "subject": {
    "reference": "Patient/example-bw-patient"
  }
}