{
  "resourceType": "Task",
  "id": "example-bw-task-requested",
  "meta": {
    "profile": [
      "http://b-techbw.github.io/bw-lab-ig/StructureDefinition/bw-lab-task"
    ]
  },
  "text": {
    "status": "generated",
    "div": "<div xmlns=\"http://www.w3.org/1999/xhtml\"><p><b>Generated Narrative</b></p><p><b>identifier</b>: id: PimsSpecificLabOrderID</p><p><b>basedOn</b>: </p><ul><li><a href=\"ServiceRequest-example-bw-pims-service-request-1.html\">Generated Summary: status: active; intent: order; <span title=\"Codes: {http://moh.bw.org/ext/laboratory/pims-lab-test-code pims-labtest-code}\">pims-labtest-code</span></a></li><li><a href=\"ServiceRequest-example-bw-pims-service-request-2.html\">Generated Summary: status: active; intent: order; <span title=\"Codes: {http://moh.bw.org/ext/laboratory/pims-lab-test-code pims-labtest-code}\">pims-labtest-code</span></a></li></ul><p><b>status</b>: requested</p><p><b>intent</b>: order</p><p><b>for</b>: <a href=\"Patient-example-pims-patient.html\">Generated Summary: MR: urn:uuid:&lt;Pims-specific Patient ID&gt;, id: &lt;OmangNumber&gt; (OFFICIAL); Test PimsPatient (OFFICIAL); gender: female; birthDate: 1988-03-02</a></p><p><b>authoredOn</b>: 2021-05-20</p><p><b>owner</b>: <a href=\"Organization-example-facility-order-reciever.html\">Generated Summary: id: &lt;ipms-facility-code&gt;; active; <span title=\"Codes: {urn:ietf:rfc:3986 dept}\">dept</span>, <span title=\"Codes: {https://github.com/ihe/ITI.mCSD Facility}\">Facility</span></a></p><p><b>location</b>: <a href=\"Location-example-location-order-creator.html\">Generated Summary: status: active; <span title=\"Codes: {urn:ietf:rfc:3986 HOSP}\">HOSP</span>, <span title=\"Codes: {https://github.com/ihe/ITI.mCSD Facility}\">Facility</span>; <span title=\"Codes: \">bu</span></a></p></div>"
  },
  "identifier": [
    {
      "system": "http://<pims-instance-specific-url>/ext/lab-task/identifier",
      "value": "PimsSpecificLabOrderID"
    }
  ],
  "basedOn": [
    {
      "reference": "ServiceRequest/example-bw-pims-service-request-1"
    },
    {
      "reference": "ServiceRequest/example-bw-pims-service-request-2"
    }
  ],
  "status": "requested",
  "intent": "order",
  "for": {
    "reference": "Patient/example-pims-patient"
  },
  "authoredOn": "2021-05-20",
  "owner": {
    "reference": "Organization/example-facility-order-reciever"
  },
  "location": {
    "reference": "Location/example-location-order-creator"
  }
}