{
  "resourceType": "Task",
  "id": "example-bw-task-requested",
  "meta": {
    "profile": [
      "http://b-techbw.github.io/bw-lab-ig/StructureDefinition/bw-lab-task"
    ]
  },
  "text": {
    "status": "generated",
    "div": "<div xmlns=\"http://www.w3.org/1999/xhtml\"><p><b>Generated Narrative</b></p><div style=\"display: inline-block; background-color: #d9e0e7; padding: 6px; margin: 4px; border: 1px solid #8da1b4; border-radius: 5px; line-height: 60%\"><p style=\"margin-bottom: 0px\">Resource \"example-bw-task-requested\" </p><p style=\"margin-bottom: 0px\">Profile: <a href=\"StructureDefinition-bw-lab-task.html\">Botswana Lab Task Resource</a></p></div><p><b>identifier</b>: id: PimsSpecificLabOrderID</p><p><b>basedOn</b>: </p><ul><li><a href=\"ServiceRequest-example-bw-pims-service-request-1.html\">ServiceRequest/example-bw-pims-service-request-1</a></li><li><a href=\"ServiceRequest-example-bw-pims-service-request-2.html\">ServiceRequest/example-bw-pims-service-request-2</a></li></ul><p><b>status</b>: requested</p><p><b>intent</b>: order</p><p><b>for</b>: <a href=\"Patient-example-pims-patient.html\">Patient/example-pims-patient</a> \" PIMSPATIENT\"</p><p><b>authoredOn</b>: 2021-05-20</p><p><b>owner</b>: <a href=\"Organization-example-facility-order-reciever.html\">Organization/example-facility-order-reciever</a></p><p><b>location</b>: <a href=\"Location-example-location-order-creator.html\">Location/example-location-order-creator</a></p></div>"
  },
  "identifier": [
    {
      "system": "http://<pims-instance-specific-url>/ext/lab-task/identifier",
      "value": "PimsSpecificLabOrderID"
    }
  ],
  "basedOn": [
    {
      "reference": "ServiceRequest/example-bw-pims-service-request-1"
    },
    {
      "reference": "ServiceRequest/example-bw-pims-service-request-2"
    }
  ],
  "status": "requested",
  "intent": "order",
  "for": {
    "reference": "Patient/example-pims-patient"
  },
  "authoredOn": "2021-05-20",
  "owner": {
    "reference": "Organization/example-facility-order-reciever"
  },
  "location": {
    "reference": "Location/example-location-order-creator"
  }
}