<?xml version="1.0" encoding="UTF-8"?>

<Task xmlns="http://hl7.org/fhir">
  <id value="example-bw-task-requested"/>
  <meta>
    <profile value="http://b-techbw.github.io/bw-lab-ig/StructureDefinition/bw-lab-task"/>
  </meta>
  <text>
    <status value="generated"/><div xmlns="http://www.w3.org/1999/xhtml"><p><b>Generated Narrative</b></p><p><b>identifier</b>: id: PimsSpecificLabOrderID</p><p><b>basedOn</b>: </p><ul><li><a href="ServiceRequest-example-bw-pims-service-request-1.html">Generated Summary: status: active; intent: order; <span title="Codes: {http://moh.bw.org/ext/laboratory/pims-lab-test-code pims-labtest-code}">pims-labtest-code</span></a></li><li><a href="ServiceRequest-example-bw-pims-service-request-2.html">Generated Summary: status: active; intent: order; <span title="Codes: {http://moh.bw.org/ext/laboratory/pims-lab-test-code pims-labtest-code}">pims-labtest-code</span></a></li></ul><p><b>status</b>: requested</p><p><b>intent</b>: order</p><p><b>for</b>: <a href="Patient-example-bw-patient.html">Generated Summary: MR: &lt;OmangNumber&gt;; Bw TestPatient; gender: female; birthDate: 1988-03-02</a></p><p><b>authoredOn</b>: 2021-05-20</p><p><b>owner</b>: <a href="Practitioner-example-bw-pims-practitioner.html">Generated Summary: id: RequesterID; BW PimsProvider</a></p></div>
  </text>
  <identifier>
    <system value="http://&lt;pims-instance-specific-url&gt;/ext/lab-task/identifier"/>
    <value value="PimsSpecificLabOrderID"/>
  </identifier>
  <basedOn>
    <reference value="ServiceRequest/example-bw-pims-service-request-1"/>
  </basedOn>
  <basedOn>
    <reference value="ServiceRequest/example-bw-pims-service-request-2"/>
  </basedOn>
  <status value="requested"/>
  <intent value="order"/>
  <for>
    <reference value="Patient/example-bw-patient"/>
  </for>
  <authoredOn value="2021-05-20"/>
  <owner>
    <reference value="Practitioner/example-bw-pims-practitioner"/>
  </owner>
</Task>