{
  "package": "fhir.bw.lab",
  "version": "0.2.0",
  "fhirVersion": "4.0.1",
  "jurisdiction": "072",
  "extensions": [],
  "profiles": {
    "Encounter": [
      {
        "url": "http://b-techbw.github.io/bw-lab-ig/StructureDefinition/bw-encounter",
        "title": "Botswana Encounter (TODO)"
      }
    ],
    "Composition": [
      {
        "url": "http://b-techbw.github.io/bw-lab-ig/StructureDefinition/bw-lab-composition",
        "title": "Botswana Lab Order Composition"
      }
    ],
    "DiagnosticReport": [
      {
        "url": "http://b-techbw.github.io/bw-lab-ig/StructureDefinition/bw-lab-diagnostic-report",
        "title": "Botswana Lab Diagnostic Report"
      }
    ],
    "Observation": [
      {
        "url": "http://b-techbw.github.io/bw-lab-ig/StructureDefinition/bw-lab-observation",
        "title": "Botswana Lab Observation"
      }
    ],
    "ServiceRequest": [
      {
        "url": "http://b-techbw.github.io/bw-lab-ig/StructureDefinition/bw-lab-service-request",
        "title": "Botswana Lab Service Request"
      }
    ],
    "Task": [
      {
        "url": "http://b-techbw.github.io/bw-lab-ig/StructureDefinition/bw-lab-task",
        "title": "Botswana Lab Task Resource"
      }
    ],
    "Patient": [
      {
        "url": "http://b-techbw.github.io/bw-lab-ig/StructureDefinition/bw-patient",
        "title": "Botswana Patient"
      }
    ],
    "Practitioner": [
      {
        "url": "http://b-techbw.github.io/bw-lab-ig/StructureDefinition/bw-practitioner",
        "title": "Botswana Practitioner"
      }
    ]
  },
  "usage": {
    "http://hl7.org/fhir/StructureDefinition/composition-clinicaldocument-versionNumber": [
      "Composition"
    ],
    "http://hl7.org/fhir/StructureDefinition/data-absent-reason": [
      "DiagnosticReport.effective[x]",
      "Observation.effective[x]"
    ],
    "http://hl7.org/fhir/StructureDefinition/elementdefinition-bestpractice": [
      "StructureDefinition.snapshot.element.constraint"
    ],
    "http://hl7.org/fhir/StructureDefinition/elementdefinition-bestpractice-explanation": [
      "StructureDefinition.snapshot.element.constraint"
    ],
    "http://hl7.org/fhir/StructureDefinition/elementdefinition-bindingName": [
      "StructureDefinition.snapshot.element.binding"
    ],
    "http://hl7.org/fhir/StructureDefinition/elementdefinition-isCommonBinding": [
      "StructureDefinition.snapshot.element.binding"
    ],
    "http://hl7.org/fhir/StructureDefinition/elementdefinition-maxValueSet": [
      "StructureDefinition.snapshot.element.binding"
    ],
    "http://hl7.org/fhir/StructureDefinition/elementdefinition-translatable": [
      "StructureDefinition.snapshot.element"
    ],
    "http://hl7.org/fhir/StructureDefinition/structuredefinition-category": [
      "StructureDefinition"
    ],
    "http://hl7.org/fhir/StructureDefinition/structuredefinition-display-hint": [
      "StructureDefinition.snapshot.element"
    ],
    "http://hl7.org/fhir/StructureDefinition/structuredefinition-explicit-type-name": [
      "StructureDefinition.snapshot.element"
    ],
    "http://hl7.org/fhir/StructureDefinition/structuredefinition-fhir-type": [
      "StructureDefinition.snapshot.element.type"
    ],
    "http://hl7.org/fhir/StructureDefinition/structuredefinition-hierarchy": [
      "StructureDefinition.snapshot.element.type"
    ],
    "http://hl7.org/fhir/StructureDefinition/structuredefinition-security-category": [
      "StructureDefinition"
    ],
    "http://hl7.org/fhir/StructureDefinition/structuredefinition-standards-status": [
      "StructureDefinition.snapshot.element"
    ],
    "http://hl7.org/fhir/tools/StructureDefinition/ig-parameter": [
      "ImplementationGuide.definition"
    ],
    "http://hl7.org/fhir/tools/StructureDefinition/resource-information": [
      "ImplementationGuide.definition.resource"
    ]
  }
}