{"resourceType":"ConceptMap","id":"BwLabPimsOrderStatusDiagnosticReportCM","text":{"status":"extensions","div":"<div xmlns=\"http://www.w3.org/1999/xhtml\"><h2>BwLabPimsOrderStatusDiagnosticReportCM (http://b-techbw.github.io/bw-lab-ig/ConceptMap/BwLabPimsOrderStatusDiagnosticReportCM)</h2><p>Mapping from <a href=\"ValueSet-bw-pims-lab-order-status-vs.html\">http://b-techbw.github.io/bw-lab-ig/ValueSet/bw-pims-lab-order-status-vs</a> to <a href=\"http://hl7.org/fhir/R4/valueset-diagnostic-report-status.html\">http://hl7.org/fhir/ValueSet/diagnostic-report-status</a></p><p>DRAFT (not intended for production usage). Published on Jun 16, 2021, 1:49:19 AM by B-TECHBW (B-TECHBW: <a href=\"www.github.com/b-techbw\">www.github.com/b-techbw</a>, <a href=\"mailto:pmanko@uw.edu\">pmanko@uw.edu</a>). </p><br/><table class=\"grid\"><tr><td><b>Source Code</b></td><td><b>Relationship</b></td><td><b>Destination Code</b></td></tr><tr><td>ordered</td><td><a href=\"http://hl7.org/fhir/R4/codesystem-concept-map-equivalence.html#equal\">is equal to</a></td><td>unknown</td></tr><tr><td>fully-drawn</td><td><a href=\"http://hl7.org/fhir/R4/codesystem-concept-map-equivalence.html#equal\">is equal to</a></td><td>unknown</td></tr><tr><td>partially-resulted</td><td><a href=\"http://hl7.org/fhir/R4/codesystem-concept-map-equivalence.html#equal\">is equal to</a></td><td>partial</td></tr><tr><td>cancelled</td><td><a href=\"http://hl7.org/fhir/R4/codesystem-concept-map-equivalence.html#equal\">is equal to</a></td><td>cancelled</td></tr><tr><td>partially-drawn</td><td><a href=\"http://hl7.org/fhir/R4/codesystem-concept-map-equivalence.html#equal\">is equal to</a></td><td>unknown</td></tr></table></div>"},"url":"http://b-techbw.github.io/bw-lab-ig/ConceptMap/BwLabPimsOrderStatusDiagnosticReportCM","version":"0.2.0","name":"BwLabPimsOrderStatusDiagnosticReportCM","status":"draft","experimental":true,"date":"2021-06-16T01:49:19+00:00","publisher":"B-TECHBW","contact":[{"name":"B-TECHBW","telecom":[{"system":"url","value":"www.github.com/b-techbw"},{"system":"email","value":"pmanko@uw.edu"}]}],"jurisdiction":[{"coding":[{"system":"http://unstats.un.org/unsd/methods/m49/m49.htm","code":"072"}]},{"coding":[{"system":"urn:iso:std:iso:3166","code":"BW"}]}],"sourceCanonical":"http://b-techbw.github.io/bw-lab-ig/ValueSet/bw-pims-lab-order-status-vs","targetUri":"http://hl7.org/fhir/ValueSet/diagnostic-report-status","group":[{"source":"http://b-techbw.github.io/bw-lab-ig/ValueSet/bw-pims-lab-order-status-vs","target":"http://hl7.org/fhir/ValueSet/diagnostic-report-status","element":[{"code":"ordered","target":[{"code":"unknown","equivalence":"equal"}]},{"code":"fully-drawn","target":[{"code":"unknown","equivalence":"equal"}]},{"code":"partially-resulted","target":[{"code":"partial","equivalence":"equal"}]},{"code":"cancelled","target":[{"code":"cancelled","equivalence":"equal"}]},{"code":"partially-drawn","target":[{"code":"unknown","equivalence":"equal"}]}]}]}