{"resourceType":"ImplementationGuide","id":"openhie.fhir.emr.lis","text":{"status":"extensions","div":"<div xmlns=\"http://www.w3.org/1999/xhtml\"><h2>EmrLisCommunication</h2><p>The official URL for this implementation guide is: </p><pre>http://openhie.org/fhir/ImplementationGuide/ImplementationGuide/openhie.fhir.emr.lis</pre><div><p>Lab order communication between EMRs and LISs</p>\n</div></div>"},"url":"http://openhie.org/fhir/ImplementationGuide/ImplementationGuide/openhie.fhir.emr.lis","version":"0.1.0-test","name":"EmrLisCommunication","title":"EMR LIS Communication","status":"draft","experimental":false,"date":"2021-05-04T09:03:32+00:00","publisher":"I-TECH-UW","contact":[{"telecom":[{"system":"url","value":"https://www.washington.edu/research/research-centers/international-training-and-education-center-for-health-i-tech/"}]}],"description":"Lab order communication between EMRs and LISs","jurisdiction":[{"coding":[{"system":"http://unstats.un.org/unsd/methods/m49/m49.htm","code":"001"}]}],"packageId":"openhie.fhir.emr.lims","license":"CC0-1.0","fhirVersion":["4.0.1"],"definition":{"extension":[{"extension":[{"url":"code","valueString":"copyrightyear"},{"url":"value","valueString":"2021+"}],"url":"http://hl7.org/fhir/tools/StructureDefinition/ig-parameter"},{"extension":[{"url":"code","valueString":"releaselabel"},{"url":"value","valueString":"CI Build"}],"url":"http://hl7.org/fhir/tools/StructureDefinition/ig-parameter"},{"extension":[{"url":"code","valueString":"path-binary"},{"url":"value","valueString":"input\\cql"}],"url":"http://hl7.org/fhir/tools/StructureDefinition/ig-parameter"},{"extension":[{"url":"code","valueString":"path-liquid"},{"url":"value","valueString":"templates\\liquid"}],"url":"http://hl7.org/fhir/tools/StructureDefinition/ig-parameter"},{"extension":[{"url":"code","valueString":"autoload-resources"},{"url":"value","valueString":"true"}],"url":"http://hl7.org/fhir/tools/StructureDefinition/ig-parameter"},{"extension":[{"url":"code","valueString":"path-liquid"},{"url":"value","valueString":"template/liquid"}],"url":"http://hl7.org/fhir/tools/StructureDefinition/ig-parameter"},{"extension":[{"url":"code","valueString":"path-liquid"},{"url":"value","valueString":"input/liquid"}],"url":"http://hl7.org/fhir/tools/StructureDefinition/ig-parameter"},{"extension":[{"url":"code","valueString":"path-qa"},{"url":"value","valueString":"temp/qa"}],"url":"http://hl7.org/fhir/tools/StructureDefinition/ig-parameter"},{"extension":[{"url":"code","valueString":"path-temp"},{"url":"value","valueString":"temp/pages"}],"url":"http://hl7.org/fhir/tools/StructureDefinition/ig-parameter"},{"extension":[{"url":"code","valueString":"path-output"},{"url":"value","valueString":"output"}],"url":"http://hl7.org/fhir/tools/StructureDefinition/ig-parameter"},{"extension":[{"url":"code","valueString":"path-suppressed-warnings"},{"url":"value","valueString":"input/ignoreWarnings.txt"}],"url":"http://hl7.org/fhir/tools/StructureDefinition/ig-parameter"},{"extension":[{"url":"code","valueString":"path-history"},{"url":"value","valueString":"http://openhie.org/fhir/history.html"}],"url":"http://hl7.org/fhir/tools/StructureDefinition/ig-parameter"},{"extension":[{"url":"code","valueString":"template-html"},{"url":"value","valueString":"template-page.html"}],"url":"http://hl7.org/fhir/tools/StructureDefinition/ig-parameter"},{"extension":[{"url":"code","valueString":"template-md"},{"url":"value","valueString":"template-page-md.html"}],"url":"http://hl7.org/fhir/tools/StructureDefinition/ig-parameter"},{"extension":[{"url":"code","valueString":"apply-contact"},{"url":"value","valueString":"true"}],"url":"http://hl7.org/fhir/tools/StructureDefinition/ig-parameter"},{"extension":[{"url":"code","valueString":"apply-context"},{"url":"value","valueString":"true"}],"url":"http://hl7.org/fhir/tools/StructureDefinition/ig-parameter"},{"extension":[{"url":"code","valueString":"apply-copyright"},{"url":"value","valueString":"true"}],"url":"http://hl7.org/fhir/tools/StructureDefinition/ig-parameter"},{"extension":[{"url":"code","valueString":"apply-jurisdiction"},{"url":"value","valueString":"true"}],"url":"http://hl7.org/fhir/tools/StructureDefinition/ig-parameter"},{"extension":[{"url":"code","valueString":"apply-license"},{"url":"value","valueString":"true"}],"url":"http://hl7.org/fhir/tools/StructureDefinition/ig-parameter"},{"extension":[{"url":"code","valueString":"apply-publisher"},{"url":"value","valueString":"true"}],"url":"http://hl7.org/fhir/tools/StructureDefinition/ig-parameter"},{"extension":[{"url":"code","valueString":"apply-version"},{"url":"value","valueString":"true"}],"url":"http://hl7.org/fhir/tools/StructureDefinition/ig-parameter"},{"extension":[{"url":"code","valueString":"active-tables"},{"url":"value","valueString":"true"}],"url":"http://hl7.org/fhir/tools/StructureDefinition/ig-parameter"}],"grouping":[{"id":"_str_profile","name":"Structures: Resource Profiles","description":"These define constraints on FHIR resources for systems conforming to this implementation guide"},{"id":"_str_datatype","name":"Structures: Data Type Profiles","description":"These define constraints on FHIR data types for systems conforming to this implementation guide"},{"id":"_str_extension","name":"Structures: Extension Definitions","description":"These define constraints on FHIR data types for systems conforming to this implementation guide"},{"id":"_term_valueset","name":"Terminology: Value Sets","description":"These define sets of codes used by systems conforming to this implementation guide"}],"resource":[{"extension":[{"url":"http://hl7.org/fhir/StructureDefinition/implementationguide-page","valueUri":"StructureDefinition-emr-lab-observation.html"}],"reference":{"reference":"StructureDefinition/emr-lab-observation"},"name":"EMR-LIS Observation","description":"Observation resource created by a LIS that representing a result for an order submitted by an EMR System","groupingId":"_str_profile"},{"extension":[{"url":"http://hl7.org/fhir/StructureDefinition/implementationguide-page","valueUri":"StructureDefinition-emr-lab-openmrs-identifier.html"}],"reference":{"reference":"StructureDefinition/emr-lab-openmrs-identifier"},"name":"EMR-LIS Workflow OpenMRS Identifier","description":"A identifier for OpenMRS","groupingId":"_str_datatype"},{"extension":[{"url":"http://hl7.org/fhir/StructureDefinition/implementationguide-page","valueUri":"ValueSet-emr-lab-task-intent-vs.html"}],"reference":{"reference":"ValueSet/emr-lab-task-intent-vs"},"name":"EMR-LIS Intent for Task","description":"The intent of the task, subset from https://www.hl7.org/FHIR/valueset-task-intent.html","groupingId":"_term_valueset"},{"extension":[{"url":"http://hl7.org/fhir/StructureDefinition/implementationguide-page","valueUri":"StructureDefinition-emr-lab-task.html"}],"reference":{"reference":"StructureDefinition/emr-lab-task"},"name":"EMR-LIS Workflow Task Resource","description":"A Task resource for tracking order state and synchronizing communication between an EMR and a LIS","groupingId":"_str_profile"},{"extension":[{"url":"http://hl7.org/fhir/StructureDefinition/implementationguide-page","valueUri":"StructureDefinition-emr-lab-encounter.html"}],"reference":{"reference":"StructureDefinition/emr-lab-encounter"},"name":"EMR-LIS Encounter","description":"Encounter resource associated with the Service Request for a lab order generated by the EMR","groupingId":"_str_profile"},{"extension":[{"url":"http://hl7.org/fhir/StructureDefinition/implementationguide-page","valueUri":"StructureDefinition-emr-lab-diagnostic-report.html"}],"reference":{"reference":"StructureDefinition/emr-lab-diagnostic-report"},"name":"EMR-LIS Diagnostic Report","description":"DiagnosticReport resource created by a LIS that representing results of an order submitted from an EMR System","groupingId":"_str_profile"},{"extension":[{"url":"http://hl7.org/fhir/StructureDefinition/implementationguide-page","valueUri":"StructureDefinition-emr-lab-service-request.html"}],"reference":{"reference":"StructureDefinition/emr-lab-service-request"},"name":"EMR-LIS Service Request","description":"A service request created by an EMR representing an order for an LIS system","groupingId":"_str_profile"},{"extension":[{"url":"http://hl7.org/fhir/StructureDefinition/implementationguide-page","valueUri":"ValueSet-emr-lab-diagnostic-report-status-vs.html"}],"reference":{"reference":"ValueSet/emr-lab-diagnostic-report-status-vs"},"name":"EMR-LIS Diagnostic Report Status Flag","description":"The status of the diagnostic report, subset from https://www.hl7.org/fhir/valueset-diagnostic-report-status.html","groupingId":"_term_valueset"},{"extension":[{"url":"http://hl7.org/fhir/StructureDefinition/implementationguide-page","valueUri":"ValueSet-emr-lab-order-code-vs.html"}],"reference":{"reference":"ValueSet/emr-lab-order-code-vs"},"name":"EMR Lab Order Code","description":"The code for the lab order requested in the EMR.","groupingId":"_term_valueset"},{"extension":[{"url":"http://hl7.org/fhir/StructureDefinition/implementationguide-page","valueUri":"StructureDefinition-emr-lis-patient-identifier-location.html"}],"reference":{"reference":"StructureDefinition/emr-lis-patient-identifier-location"},"name":"EMR-LIS Patient Identifier Location Extension","description":"OpenMRS-specific location for OpenMRS ID Identifier","groupingId":"_str_extension"},{"extension":[{"url":"http://hl7.org/fhir/StructureDefinition/implementationguide-page","valueUri":"ValueSet-emr-lab-task-status-vs.html"}],"reference":{"reference":"ValueSet/emr-lab-task-status-vs"},"name":"EMR-LIS Status for Task","description":"The state of the task, subset from https://www.hl7.org/FHIR/valueset-task-status.html","groupingId":"_term_valueset"},{"extension":[{"url":"http://hl7.org/fhir/StructureDefinition/implementationguide-page","valueUri":"StructureDefinition-emr-lab-patient.html"}],"reference":{"reference":"StructureDefinition/emr-lab-patient"},"name":"EMR-LIS Workflow Patient","description":"A patient used for EMR - LIS lab order and result communication.","groupingId":"_str_profile"}],"page":{"nameUrl":"toc.html","title":"Table of Contents","generation":"html","page":[{"nameUrl":"index.html","title":"Home Page","generation":"html"},{"nameUrl":"downloads.html","title":"Useful Downloads","generation":"html"},{"nameUrl":"changes.html","title":"IG Change History","generation":"html"},{"nameUrl":"use_cases.html","title":"Use Case Overview","generation":"markdown"},{"nameUrl":"artifacts.html","title":"Artifacts Summary","generation":"html","page":[{"nameUrl":"StructureDefinition-emr-lab-observation.html","title":"EMR-LIS Observation","generation":"generated"},{"nameUrl":"StructureDefinition-emr-lab-task.html","title":"EMR-LIS Workflow Task Resource","generation":"generated"},{"nameUrl":"StructureDefinition-emr-lab-encounter.html","title":"EMR-LIS Encounter","generation":"generated"},{"nameUrl":"StructureDefinition-emr-lab-diagnostic-report.html","title":"EMR-LIS Diagnostic Report","generation":"generated"},{"nameUrl":"StructureDefinition-emr-lab-service-request.html","title":"EMR-LIS Service Request","generation":"generated"},{"nameUrl":"StructureDefinition-emr-lab-patient.html","title":"EMR-LIS Workflow Patient","generation":"generated"},{"nameUrl":"StructureDefinition-emr-lab-openmrs-identifier.html","title":"EMR-LIS Workflow OpenMRS Identifier","generation":"generated"},{"nameUrl":"StructureDefinition-emr-lis-patient-identifier-location.html","title":"EMR-LIS Patient Identifier Location Extension","generation":"generated"},{"nameUrl":"ValueSet-emr-lab-task-intent-vs.html","title":"EMR-LIS Intent for Task","generation":"generated"},{"nameUrl":"ValueSet-emr-lab-diagnostic-report-status-vs.html","title":"EMR-LIS Diagnostic Report Status Flag","generation":"generated"},{"nameUrl":"ValueSet-emr-lab-order-code-vs.html","title":"EMR Lab Order Code","generation":"generated"},{"nameUrl":"ValueSet-emr-lab-task-status-vs.html","title":"EMR-LIS Status for Task","generation":"generated"}]}]},"parameter":[{"code":"path-resource","value":"input\\history"},{"code":"path-resource","value":"input\\scenarios"},{"code":"path-resource","value":"input/capabilities"},{"code":"path-resource","value":"input/examples"},{"code":"path-resource","value":"input/extensions"},{"code":"path-resource","value":"input/models"},{"code":"path-resource","value":"input/operations"},{"code":"path-resource","value":"input/profiles"},{"code":"path-resource","value":"input/resources"},{"code":"path-resource","value":"input/vocabulary"},{"code":"path-resource","value":"input/testing"},{"code":"path-resource","value":"input/history"},{"code":"path-resource","value":"fsh-generated/resources"},{"code":"path-pages","value":"template/config"},{"code":"path-pages","value":"input/images"},{"code":"path-tx-cache","value":"input-cache/txcache"}]}}