{"resourceType":"ValueSet","id":"bw-lab-task-status-vs","text":{"status":"generated","div":"<div xmlns=\"http://www.w3.org/1999/xhtml\"><ul><li>Include these codes as defined in <code>http://hl7.org/fhir/ValueSet/task-status</code><table class=\"none\"><tr><td style=\"white-space:nowrap\"><b>Code</b></td><td><b>Display</b></td></tr><tr><td>task-status-requested</td><td>Requested</td></tr><tr><td>task-status-rejected</td><td>Rejected</td></tr><tr><td>task-status-accepted</td><td>Accepted</td></tr><tr><td>task-status-completed</td><td>Completed</td></tr></table></li></ul></div>"},"url":"http://b-techbw.github.io/bw-lab-ig/ValueSet/bw-lab-task-status-vs","version":"0.2.0","name":"BwLabTaskStatusVS","title":"Botswana Status for Lab Task","status":"active","date":"2021-06-16T01:59:47+00:00","publisher":"B-TECHBW","contact":[{"name":"B-TECHBW","telecom":[{"system":"url","value":"www.github.com/b-techbw"},{"system":"email","value":"pmanko@uw.edu"}]}],"description":"The status of the task, subset from https://www.hl7.org/FHIR/valueset-task-status.html","jurisdiction":[{"coding":[{"system":"http://unstats.un.org/unsd/methods/m49/m49.htm","code":"072"}]},{"coding":[{"system":"urn:iso:std:iso:3166","code":"BW"}]}],"compose":{"include":[{"system":"http://hl7.org/fhir/ValueSet/task-status","concept":[{"code":"task-status-requested","display":"Requested"},{"code":"task-status-rejected","display":"Rejected"},{"code":"task-status-accepted","display":"Accepted"},{"code":"task-status-completed","display":"Completed"}]}]}}