{"resourceType":"ValueSet","id":"bw-mfl-facility-code-vs","text":{"status":"generated","div":"<div xmlns=\"http://www.w3.org/1999/xhtml\"><ul><li>Include all codes defined in <a href=\"CodeSystem-bw-mfl-facility-code-cs.html\"><code>http://b-techbw.github.io/bw-lab-ig/CodeSystem/bw-mfl-facility-code-cs</code></a></li></ul></div>"},"url":"http://b-techbw.github.io/bw-lab-ig/ValueSet/bw-mfl-facility-code-vs","version":"0.2.0","name":"BwMflFacilityCodeVS","title":"MFL Facility Code Valueset","status":"active","date":"2021-08-25T03:59:10+00:00","publisher":"B-TECHBW","contact":[{"name":"B-TECHBW","telecom":[{"system":"url","value":"www.github.com/b-techbw"},{"system":"email","value":"pmanko@uw.edu"}]}],"description":"MFL Facility Code Valueset","jurisdiction":[{"coding":[{"system":"http://unstats.un.org/unsd/methods/m49/m49.htm","code":"072"}]},{"coding":[{"system":"urn:iso:std:iso:3166","code":"BW"}]}],"compose":{"include":[{"system":"http://b-techbw.github.io/bw-lab-ig/CodeSystem/bw-mfl-facility-code-cs"}]}}