{
  "resourceType": "CodeSystem",
  "id": "bw-pims-lab-profile-cs",
  "text": {
    "status": "generated",
    "div": "<div xmlns=\"http://www.w3.org/1999/xhtml\"><p>This code system http://b-techbw.github.io/bw-lab-ig/CodeSystem/bw-pims-lab-profile-cs defines the following codes:</p><table class=\"codes\"><tr><td style=\"white-space:nowrap\"><b>Code</b></td><td><b>Display</b></td></tr><tr><td style=\"white-space:nowrap\">CD4<a name=\"bw-pims-lab-profile-cs-CD4\"> </a></td><td>CD4</td></tr><tr><td style=\"white-space:nowrap\">VL<a name=\"bw-pims-lab-profile-cs-VL\"> </a></td><td>Viral load</td></tr><tr><td style=\"white-space:nowrap\">FBC<a name=\"bw-pims-lab-profile-cs-FBC\"> </a></td><td>Full blood count</td></tr><tr><td style=\"white-space:nowrap\">LFT<a name=\"bw-pims-lab-profile-cs-LFT\"> </a></td><td>Liver function test</td></tr><tr><td style=\"white-space:nowrap\">UE<a name=\"bw-pims-lab-profile-cs-UE\"> </a></td><td>Urea and electrolytes</td></tr><tr><td style=\"white-space:nowrap\">CVC<a name=\"bw-pims-lab-profile-cs-CVC\"> </a></td><td>Cervical cancer</td></tr><tr><td style=\"white-space:nowrap\">CREAT<a name=\"bw-pims-lab-profile-cs-CREAT\"> </a></td><td>Serum creatinine</td></tr><tr><td style=\"white-space:nowrap\">HB<a name=\"bw-pims-lab-profile-cs-HB\"> </a></td><td>Haemoglobin</td></tr><tr><td style=\"white-space:nowrap\">MAL<a name=\"bw-pims-lab-profile-cs-MAL\"> </a></td><td>Malaria profile</td></tr><tr><td style=\"white-space:nowrap\">ERYTH<a name=\"bw-pims-lab-profile-cs-ERYTH\"> </a></td><td>Erythrocyte sed rate</td></tr><tr><td style=\"white-space:nowrap\">UREA<a name=\"bw-pims-lab-profile-cs-UREA\"> </a></td><td>Urea</td></tr><tr><td style=\"white-space:nowrap\">URAT<a name=\"bw-pims-lab-profile-cs-URAT\"> </a></td><td>Urate</td></tr><tr><td style=\"white-space:nowrap\">BLCHEM<a name=\"bw-pims-lab-profile-cs-BLCHEM\"> </a></td><td>Baseline chemistry</td></tr><tr><td style=\"white-space:nowrap\">SKME<a name=\"bw-pims-lab-profile-cs-SKME\"> </a></td><td>Skeletal muscle enzymes</td></tr><tr><td style=\"white-space:nowrap\">ALB<a name=\"bw-pims-lab-profile-cs-ALB\"> </a></td><td>Albumin</td></tr><tr><td style=\"white-space:nowrap\">ALP<a name=\"bw-pims-lab-profile-cs-ALP\"> </a></td><td>Alkaline phosphates</td></tr><tr><td style=\"white-space:nowrap\">ALT<a name=\"bw-pims-lab-profile-cs-ALT\"> </a></td><td>Alinine amino tran</td></tr><tr><td style=\"white-space:nowrap\">BFL<a name=\"bw-pims-lab-profile-cs-BFL\"> </a></td><td>Body fluids</td></tr><tr><td style=\"white-space:nowrap\">BCL<a name=\"bw-pims-lab-profile-cs-BCL\"> </a></td><td>Blood cultures</td></tr><tr><td style=\"white-space:nowrap\">CE<a name=\"bw-pims-lab-profile-cs-CE\"> </a></td><td>Cardiac enzymes</td></tr><tr><td style=\"white-space:nowrap\">PE<a name=\"bw-pims-lab-profile-cs-PE\"> </a></td><td>Pancreatic enzymes</td></tr><tr><td style=\"white-space:nowrap\">LIP<a name=\"bw-pims-lab-profile-cs-LIP\"> </a></td><td>Lipid profile</td></tr><tr><td style=\"white-space:nowrap\">NVP<a name=\"bw-pims-lab-profile-cs-NVP\"> </a></td><td>NVP Chemistry</td></tr><tr><td style=\"white-space:nowrap\">REN<a name=\"bw-pims-lab-profile-cs-REN\"> </a></td><td>Kidney/Renal function tests</td></tr><tr><td style=\"white-space:nowrap\">BSCHEM<a name=\"bw-pims-lab-profile-cs-BSCHEM\"> </a></td><td>Basic chemistry</td></tr><tr><td style=\"white-space:nowrap\">DP<a name=\"bw-pims-lab-profile-cs-DP\"> </a></td><td>Diabetic profile</td></tr><tr><td style=\"white-space:nowrap\">COAG<a name=\"bw-pims-lab-profile-cs-COAG\"> </a></td><td>Coagulation</td></tr><tr><td style=\"white-space:nowrap\">ANC<a name=\"bw-pims-lab-profile-cs-ANC\"> </a></td><td>ANC profile</td></tr><tr><td style=\"white-space:nowrap\">ABO<a name=\"bw-pims-lab-profile-cs-ABO\"> </a></td><td>ABO grouping</td></tr></table></div>"
  },
  "url": "http://b-techbw.github.io/bw-lab-ig/CodeSystem/bw-pims-lab-profile-cs",
  "version": "0.2.0",
  "name": "BwPimsLabProfileCS",
  "title": "PIMS Lab profile Code System",
  "status": "draft",
  "experimental": true,
  "date": "2021-06-16T19:16:37+00:00",
  "publisher": "B-TECHBW",
  "contact": [
    {
      "name": "B-TECHBW",
      "telecom": [
        {
          "system": "url",
          "value": "www.github.com/b-techbw"
        },
        {
          "system": "email",
          "value": "pmanko@uw.edu"
        }
      ]
    }
  ],
  "description": "PIMS Lab profile Code System",
  "jurisdiction": [
    {
      "coding": [
        {
          "system": "http://unstats.un.org/unsd/methods/m49/m49.htm",
          "code": "072"
        }
      ]
    },
    {
      "coding": [
        {
          "system": "urn:iso:std:iso:3166",
          "code": "BW"
        }
      ]
    }
  ],
  "content": "complete",
  "count": 29,
  "concept": [
    {
      "code": "CD4",
      "display": "CD4"
    },
    {
      "code": "VL",
      "display": "Viral load"
    },
    {
      "code": "FBC",
      "display": "Full blood count"
    },
    {
      "code": "LFT",
      "display": "Liver function test"
    },
    {
      "code": "UE",
      "display": "Urea and electrolytes"
    },
    {
      "code": "CVC",
      "display": "Cervical cancer"
    },
    {
      "code": "CREAT",
      "display": "Serum creatinine"
    },
    {
      "code": "HB",
      "display": "Haemoglobin"
    },
    {
      "code": "MAL",
      "display": "Malaria profile"
    },
    {
      "code": "ERYTH",
      "display": "Erythrocyte sed rate"
    },
    {
      "code": "UREA",
      "display": "Urea"
    },
    {
      "code": "URAT",
      "display": "Urate"
    },
    {
      "code": "BLCHEM",
      "display": "Baseline chemistry"
    },
    {
      "code": "SKME",
      "display": "Skeletal muscle enzymes"
    },
    {
      "code": "ALB",
      "display": "Albumin"
    },
    {
      "code": "ALP",
      "display": "Alkaline phosphates"
    },
    {
      "code": "ALT",
      "display": "Alinine amino tran"
    },
    {
      "code": "BFL",
      "display": "Body fluids"
    },
    {
      "code": "BCL",
      "display": "Blood cultures"
    },
    {
      "code": "CE",
      "display": "Cardiac enzymes"
    },
    {
      "code": "PE",
      "display": "Pancreatic enzymes"
    },
    {
      "code": "LIP",
      "display": "Lipid profile"
    },
    {
      "code": "NVP",
      "display": "NVP Chemistry"
    },
    {
      "code": "REN",
      "display": "Kidney/Renal function tests"
    },
    {
      "code": "BSCHEM",
      "display": "Basic chemistry"
    },
    {
      "code": "DP",
      "display": "Diabetic profile"
    },
    {
      "code": "COAG",
      "display": "Coagulation"
    },
    {
      "code": "ANC",
      "display": "ANC profile"
    },
    {
      "code": "ABO",
      "display": "ABO grouping"
    }
  ]
}