{
  "resourceType": "CodeSystem",
  "id": "bw-pims-lab-order-status-cs",
  "text": {
    "status": "generated",
    "div": "<div xmlns=\"http://www.w3.org/1999/xhtml\"><p>This code system http://b-techbw.github.io/bw-lab-ig/CodeSystem/bw-pims-lab-order-status-cs defines the following codes:</p><table class=\"codes\"><tr><td style=\"white-space:nowrap\"><b>Code</b></td><td><b>Display</b></td><td><b>Definition</b></td></tr><tr><td style=\"white-space:nowrap\">ordered<a name=\"bw-pims-lab-order-status-cs-ordered\"> </a></td><td>Ordered</td><td>Order was requested</td></tr><tr><td style=\"white-space:nowrap\">fully-drawn<a name=\"bw-pims-lab-order-status-cs-fully-drawn\"> </a></td><td>Fully-drawn</td><td>All Order specimens were drawn</td></tr><tr><td style=\"white-space:nowrap\">partially-resulted<a name=\"bw-pims-lab-order-status-cs-partially-resulted\"> </a></td><td>Partially-resulted</td><td>Partial results are available</td></tr><tr><td style=\"white-space:nowrap\">cancelled<a name=\"bw-pims-lab-order-status-cs-cancelled\"> </a></td><td>Cancelled</td><td>Order was cancelled</td></tr><tr><td style=\"white-space:nowrap\">partially-drawn<a name=\"bw-pims-lab-order-status-cs-partially-drawn\"> </a></td><td>Partially-drawn</td><td>Some order specimens were drawn</td></tr></table></div>"
  },
  "url": "http://b-techbw.github.io/bw-lab-ig/CodeSystem/bw-pims-lab-order-status-cs",
  "version": "0.2.0",
  "name": "BwPimsLabOrderStatusCS",
  "title": "PIMS Lab Order Status Code System",
  "status": "draft",
  "experimental": true,
  "date": "2021-06-16T01:51:15+00:00",
  "publisher": "B-TECHBW",
  "contact": [
    {
      "name": "B-TECHBW",
      "telecom": [
        {
          "system": "url",
          "value": "www.github.com/b-techbw"
        },
        {
          "system": "email",
          "value": "pmanko@uw.edu"
        }
      ]
    }
  ],
  "description": "PIMS Lab Order Status Code System",
  "jurisdiction": [
    {
      "coding": [
        {
          "system": "http://unstats.un.org/unsd/methods/m49/m49.htm",
          "code": "072"
        }
      ]
    },
    {
      "coding": [
        {
          "system": "urn:iso:std:iso:3166",
          "code": "BW"
        }
      ]
    }
  ],
  "content": "complete",
  "count": 5,
  "concept": [
    {
      "code": "ordered",
      "display": "Ordered",
      "definition": "Order was requested"
    },
    {
      "code": "fully-drawn",
      "display": "Fully-drawn",
      "definition": "All Order specimens were drawn"
    },
    {
      "code": "partially-resulted",
      "display": "Partially-resulted",
      "definition": "Partial results are available"
    },
    {
      "code": "cancelled",
      "display": "Cancelled",
      "definition": "Order was cancelled"
    },
    {
      "code": "partially-drawn",
      "display": "Partially-drawn",
      "definition": "Some order specimens were drawn"
    }
  ]
}