{
  "resourceType": "Composition",
  "id": "example-bw-lab-composition",
  "meta": {
    "profile": [
      "http://b-techbw.github.io/bw-lab-ig/StructureDefinition/bw-lab-composition"
    ]
  },
  "text": {
    "status": "generated",
    "div": "<div xmlns=\"http://www.w3.org/1999/xhtml\"><p><b>Generated Narrative</b></p><p><b>status</b>: active</p><p><b>type</b>: <span title=\"Codes: \">document</span></p><p><b>date</b>: 2021-06-06</p><p><b>author</b>: <a href=\"example-bw-practitioner\">example-bw-practitioner</a></p><p><b>title</b>: BW Lab Order Composition</p></div>"
  },
  "status": "active",
  "type": {
    "coding": [
      {
        "code": "document"
      }
    ]
  },
  "subject": {
    "reference": "Patient/example-pims-patient"
  },
  "date": "2021-06-06",
  "author": [
    {
      "reference": "example-bw-practitioner"
    }
  ],
  "title": "BW Lab Order Composition",
  "section": [
    {
      "entry": [
        {
          "reference": "Task/example-bw-task-requested"
        }
      ]
    },
    {
      "entry": [
        {
          "reference": "ServiceRequest/example-bw-pims-service-request-profile"
        },
        {
          "reference": "ServiceRequest/example-bw-pims-service-request-1"
        },
        {
          "reference": "ServiceRequest/example-bw-pims-service-request-2"
        }
      ]
    }
  ]
}