{
  "resourceType": "Composition",
  "id": "example-bw-lab-pims-composition",
  "meta": {
    "profile": [
      "http://b-techbw.github.io/bw-lab-ig/StructureDefinition/bw-lab-composition"
    ]
  },
  "text": {
    "status": "generated",
    "div": "<div xmlns=\"http://www.w3.org/1999/xhtml\"><p><b>Generated Narrative</b></p><p><b>status</b>: active</p><p><b>type</b>: <span title=\"Codes: \">document</span></p><p><b>date</b>: 2021-06-06</p><p><b>author</b>: <a href=\"BwPractitioner\">BwPractitioner</a></p><p><b>title</b>: Lab Order Composition</p></div>"
  },
  "status": "active",
  "type": {
    "coding": [
      {
        "code": "document"
      }
    ]
  },
  "subject": {
    "reference": "BwPatient"
  },
  "date": "2021-06-06",
  "author": [
    {
      "reference": "BwPractitioner"
    }
  ],
  "title": "Lab Order Composition"
}