{
  "resourceType": "Observation",
  "id": "example-death-cert",
  "meta": {
    "profile": [
      "http://b-techbw.github.io/bw-lab-ig/StructureDefinition/death-certificate-observation"
    ]
  },
  "text": {
    "status": "generated",
    "div": "<div xmlns=\"http://www.w3.org/1999/xhtml\"><p><b>Generated Narrative</b></p><p></p><p><b>code</b>: <span title=\"Codes: {http://loinc.org 64297-5}\">Death certificate</span></p><p><b>subject</b>: <a href=\"Patient-example-omang-patient.html\">Generated Summary: id: &lt;ID_NO&gt; (OFFICIAL); &lt;SURNME&gt; &lt;FIRST_NME&gt; (OFFICIAL); gender: female; birthDate: 2000-01-01; deceased: 2010-01-01; <span title=\"Codes: \">M</span></a></p><h3>Components</h3><table class=\"grid\"><tr><td>-</td><td><b>Code</b></td><td><b>Value[x]</b></td></tr><tr><td>*</td><td><span title=\"Codes: {http://loinc.org 64297-5}\">Death certificate</span></td><td>&lt;DEATH_CERT_NO&gt;</td></tr></table></div>"
  },
  "status": "final",
  "code": {
    "coding": [
      {
        "system": "http://loinc.org",
        "code": "64297-5"
      }
    ]
  },
  "subject": {
    "reference": "Patient/example-omang-patient"
  },
  "component": [
    {
      "code": {
        "coding": [
          {
            "system": "http://loinc.org",
            "code": "64297-5"
          }
        ]
      },
      "valueString": "<DEATH_CERT_NO>"
    }
  ]
}