{
  "resourceType": "Organization",
  "id": "example-facility-order-creator",
  "text": {
    "status": "generated",
    "div": "<div xmlns=\"http://www.w3.org/1999/xhtml\"><p><b>Generated Narrative</b></p><p><b>identifier</b>: id: &lt;pims-facility-code&gt;</p><p><b>active</b>: true</p><p><b>type</b>: <span title=\"Codes: {urn:ietf:rfc:3986 prov}\">prov</span>, <span title=\"Codes: {https://github.com/ihe/ITI.mCSD Facility}\">Facility</span></p></div>"
  },
  "identifier": [
    {
      "system": "http://moh.bw.org/ext/mfl/facility-code",
      "value": "<pims-facility-code>"
    }
  ],
  "active": true,
  "type": [
    {
      "coding": [
        {
          "system": "urn:ietf:rfc:3986",
          "code": "prov"
        }
      ]
    },
    {
      "coding": [
        {
          "system": "https://github.com/ihe/ITI.mCSD",
          "code": "Facility"
        }
      ]
    }
  ]
}