{
  "resourceType": "Practitioner",
  "id": "example-bw-pims-practitioner",
  "meta": {
    "profile": [
      "http://b-techbw.github.io/bw-lab-ig/StructureDefinition/bw-practitioner"
    ]
  },
  "text": {
    "status": "generated",
    "div": "<div xmlns=\"http://www.w3.org/1999/xhtml\"><p><b>Generated Narrative</b></p><div style=\"display: inline-block; background-color: #d9e0e7; padding: 6px; margin: 4px; border: 1px solid #8da1b4; border-radius: 5px; line-height: 60%\"><p style=\"margin-bottom: 0px\">Resource \"example-bw-pims-practitioner\" </p><p style=\"margin-bottom: 0px\">Profile: <a href=\"StructureDefinition-bw-practitioner.html\">Botswana Practitioner</a></p></div><p><b>identifier</b>: id: RequesterID</p><p><b>name</b>: BW PimsProvider</p></div>"
  },
  "identifier": [
    {
      "system": "http://<pims-instance-specific-url>/ext/practitioner/identifier",
      "value": "RequesterID"
    }
  ],
  "name": [
    {
      "text": "BW PimsProvider"
    }
  ]
}