{
  "resourceType": "Task",
  "id": "example-bw-task-requested",
  "meta": {
    "profile": [
      "http://b-techbw.github.io/bw-lab-ig/StructureDefinition/bw-lab-task"
    ]
  },
  "text": {
    "status": "generated",
    "div": "<div xmlns=\"http://www.w3.org/1999/xhtml\"><p><b>Generated Narrative</b></p><p><b>identifier</b>: id: PimsSpecificLabOrderID</p><p><b>basedOn</b>: </p><ul><li><a href=\"ServiceRequest-example-bw-pims-service-request-1.html\">Generated Summary: status: active; intent: order; <span title=\"Codes: {http://moh.bw.org/ext/laboratory/pims-lab-test-code pims-labtest-code}\">pims-labtest-code</span></a></li><li><a href=\"ServiceRequest-example-bw-pims-service-request-2.html\">Generated Summary: status: active; intent: order; <span title=\"Codes: {http://moh.bw.org/ext/laboratory/pims-lab-test-code pims-labtest-code}\">pims-labtest-code</span></a></li></ul><p><b>status</b>: requested</p><p><b>intent</b>: order</p><p><b>for</b>: <a href=\"Patient-example-bw-patient.html\">Generated Summary: MR: &lt;OmangNumber&gt;; Bw TestPatient; gender: female; birthDate: 1988-03-02</a></p><p><b>authoredOn</b>: 2021-05-20</p><p><b>owner</b>: <a href=\"Practitioner-example-bw-pims-practitioner.html\">Generated Summary: id: RequesterID; BW PimsProvider</a></p></div>"
  },
  "identifier": [
    {
      "system": "http://<pims-instance-specific-url>/ext/lab-task/identifier",
      "value": "PimsSpecificLabOrderID"
    }
  ],
  "basedOn": [
    {
      "reference": "ServiceRequest/example-bw-pims-service-request-1"
    },
    {
      "reference": "ServiceRequest/example-bw-pims-service-request-2"
    }
  ],
  "status": "requested",
  "intent": "order",
  "for": {
    "reference": "Patient/example-bw-patient"
  },
  "authoredOn": "2021-05-20",
  "owner": {
    "reference": "Practitioner/example-bw-pims-practitioner"
  }
}