{
  "resourceType": "ValueSet",
  "id": "emr-lab-task-status-vs",
  "text": {
    "status": "generated",
    "div": "<div xmlns=\"http://www.w3.org/1999/xhtml\"><ul><li>Include these codes as defined in <code>http://hl7.org/fhir/ValueSet/task-status</code><table class=\"none\"><tr><td style=\"white-space:nowrap\"><b>Code</b></td><td><b>Display</b></td></tr><tr><td>task-status-requested</td><td>Requested</td></tr><tr><td>task-status-rejected</td><td>Rejected</td></tr><tr><td>task-status-accepted</td><td>Accepted</td></tr><tr><td>task-status-completed</td><td>Completed</td></tr></table></li></ul></div>"
  },
  "url": "http://openhie.org/fhir/ValueSet/emr-lab-task-status-vs",
  "version": "0.1.0-test",
  "name": "EmrLabTaskStatusVS",
  "title": "EMR-LIS Status for Task",
  "status": "active",
  "date": "2021-05-04T09:40:08+00:00",
  "publisher": "I-TECH-UW",
  "contact": [
    {
      "telecom": [
        {
          "system": "url",
          "value": "https://www.washington.edu/research/research-centers/international-training-and-education-center-for-health-i-tech/"
        }
      ]
    }
  ],
  "description": "The state of the task, subset from https://www.hl7.org/FHIR/valueset-task-status.html",
  "jurisdiction": [
    {
      "coding": [
        {
          "system": "http://unstats.un.org/unsd/methods/m49/m49.htm",
          "code": "001"
        }
      ]
    }
  ],
  "compose": {
    "include": [
      {
        "system": "http://hl7.org/fhir/ValueSet/task-status",
        "concept": [
          {
            "code": "task-status-requested",
            "display": "Requested"
          },
          {
            "code": "task-status-rejected",
            "display": "Rejected"
          },
          {
            "code": "task-status-accepted",
            "display": "Accepted"
          },
          {
            "code": "task-status-completed",
            "display": "Completed"
          }
        ]
      }
    ]
  }
}