{
  "resourceType": "ValueSet",
  "id": "emr-lab-order-code-vs",
  "text": {
    "status": "generated",
    "div": "<div xmlns=\"http://www.w3.org/1999/xhtml\"><ul><li>Include all codes defined in <a href=\"http://loinc.org\"><code>http://loinc.org</code></a></li></ul></div>"
  },
  "url": "http://openhie.org/fhir/ValueSet/emr-lab-order-code-vs",
  "version": "0.1.0-test",
  "name": "EmrLabOrderCodeVS",
  "title": "EMR Lab Order Code",
  "status": "active",
  "date": "2021-05-31T08:25:17+00:00",
  "publisher": "I-TECH-UW",
  "contact": [
    {
      "telecom": [
        {
          "system": "url",
          "value": "https://www.washington.edu/research/research-centers/international-training-and-education-center-for-health-i-tech/"
        }
      ]
    }
  ],
  "description": "The code for the lab order requested in the EMR.",
  "jurisdiction": [
    {
      "coding": [
        {
          "system": "http://unstats.un.org/unsd/methods/m49/m49.htm",
          "code": "001"
        }
      ]
    }
  ],
  "compose": {
    "include": [
      {
        "system": "http://loinc.org"
      }
    ]
  }
}