{
  "resourceType": "ValueSet",
  "id": "bw-pims-lab-class-vs",
  "text": {
    "status": "generated",
    "div": "<div xmlns=\"http://www.w3.org/1999/xhtml\"><ul><li>Include all codes defined in <a href=\"CodeSystem-bw-pims-lab-class-cs.html\"><code>http://b-techbw.github.io/bw-lab-ig/CodeSystem/bw-pims-lab-class-cs</code></a></li></ul></div>"
  },
  "url": "http://b-techbw.github.io/bw-lab-ig/ValueSet/bw-pims-lab-class-vs",
  "version": "0.2.0",
  "name": "BwPimsLabClassVS",
  "title": "Status Values for PIMS Lab Orders",
  "status": "active",
  "date": "2022-01-27T21:47:10+00:00",
  "publisher": "B-TECHBW",
  "contact": [
    {
      "name": "B-TECHBW",
      "telecom": [
        {
          "system": "url",
          "value": "www.github.com/b-techbw"
        },
        {
          "system": "email",
          "value": "pmanko@uw.edu"
        }
      ]
    }
  ],
  "jurisdiction": [
    {
      "coding": [
        {
          "system": "http://unstats.un.org/unsd/methods/m49/m49.htm",
          "code": "072"
        }
      ]
    },
    {
      "coding": [
        {
          "system": "urn:iso:std:iso:3166",
          "code": "BW"
        }
      ]
    }
  ],
  "compose": {
    "include": [
      {
        "system": "http://b-techbw.github.io/bw-lab-ig/CodeSystem/bw-pims-lab-class-cs"
      }
    ]
  }
}